Date,Price,Open,High,Low,Vol.,Change %
6/1/2024,601.8,594,608.2,593.2,156.40K,1.35%
5/31/2024,593.8,595,598.9,590.1,168.61K,-0.20%
5/30/2024,595,595.7,601.8,586.6,225.46K,-0.10%
5/29/2024,595.6,601.9,603.6,593.3,212.71K,-1.01%
5/28/2024,601.7,603.8,605.5,594.3,284.87K,-0.35%
5/27/2024,603.8,600.5,614,599.7,229.31K,0.58%
5/26/2024,600.3,602.3,605.1,598.6,122.97K,-0.35%
5/25/2024,602.4,600,606.5,599.5,121.54K,0.35%
5/24/2024,600.3,598.8,605.3,588.4,251.97K,0.15%
5/23/2024,599.4,614.8,616.9,581.9,607.67K,-2.50%
5/22/2024,614.8,618.9,626,610.1,404.94K,-0.61%
5/21/2024,618.6,600.3,630,594,1.02M,3.12%
5/20/2024,599.9,574.5,601.9,569.4,468.84K,4.40%
5/19/2024,574.6,580.6,581.8,572.1,142.14K,-0.98%
5/18/2024,580.3,580.4,581.9,574.3,168.07K,-0.12%
5/17/2024,581,569.1,584.5,568.8,236.91K,2.07%
5/16/2024,569.2,581.4,586.4,565.4,412.21K,-2.01%
5/15/2024,580.9,567.3,587.2,561.2,402.81K,2.43%
5/14/2024,567.1,591.3,593.1,562.6,453.29K,-4.16%
5/13/2024,591.7,595.1,598,585.7,389.81K,-0.52%
5/12/2024,594.8,592.4,599.4,587.6,191.19K,0.44%
5/11/2024,592.2,585.5,594.4,581.5,210.74K,1.13%
5/10/2024,585.6,597,597,582.1,296.21K,-1.86%
5/9/2024,596.7,588.3,603.3,586.7,464.85K,1.38%
5/8/2024,588.6,576.5,589.8,575.4,297.29K,1.98%
5/7/2024,577.2,588.4,600.1,576.3,288.94K,-1.87%
5/6/2024,588.2,592.2,601.9,583.3,278.68K,-0.61%
5/5/2024,591.8,585.7,594.9,579.8,180.48K,1.06%
5/4/2024,585.6,587,593.4,582.8,197.21K,-0.20%
5/3/2024,586.8,560.4,589.7,559.1,342.85K,4.71%
5/2/2024,560.4,561.7,565.7,542.7,360.25K,-0.27%
5/1/2024,561.9,578,580.2,537.5,669.02K,-2.85%
4/30/2024,578.4,593.1,603.8,556,766.51K,-2.41%
4/29/2024,592.7,600,602.8,582.3,330.27K,-1.28%
4/28/2024,600.4,596.5,608.2,596.3,258.03K,0.70%
4/27/2024,596.2,597.8,599.5,586,268.80K,-0.28%
4/26/2024,597.9,614.1,615,597.2,302.13K,-2.53%
4/25/2024,613.4,608.8,617.9,601.3,453.07K,0.77%
4/24/2024,608.7,606.2,618.4,593.6,657.28K,0.41%
4/23/2024,606.2,604.1,617.3,598.9,556.54K,0.28%
4/22/2024,604.5,579.6,608.4,578.5,522.87K,4.30%
4/21/2024,579.6,570.7,582.2,566.6,277.78K,1.54%
4/20/2024,570.8,554.3,574.1,549.2,242.25K,3.01%
4/19/2024,554.1,552,564.2,525.9,545.41K,0.36%
4/18/2024,552.1,534.2,555.5,527.2,589.79K,3.33%
4/17/2024,534.3,537.4,547.7,513.4,657.78K,-0.60%
4/16/2024,537.5,551.8,553.9,523.3,624.00K,-2.70%
4/15/2024,552.4,565.2,585.4,545.7,698.35K,-2.49%
4/14/2024,566.5,552.6,570.1,536.7,965.86K,2.44%
4/13/2024,553,594.3,600.1,510.8,1.76M,-7.17%
4/12/2024,595.7,604.7,628.4,575,1.52M,-1.47%
4/11/2024,604.6,609.7,617.9,592.1,579.89K,-0.85%
4/10/2024,609.8,580.4,610.2,573.7,815.95K,5.05%
4/9/2024,580.5,586.4,589.9,571.9,596.27K,-0.99%
4/8/2024,586.3,583.9,600.9,577.8,483.57K,0.39%
4/7/2024,584,585.6,590.8,578.5,263.79K,-0.29%
4/6/2024,585.7,577.7,590.7,575.4,227.02K,1.35%
4/5/2024,577.9,585.2,591.3,564.6,634.32K,-1.26%
4/4/2024,585.3,561.5,597.6,560.9,879.50K,4.28%
4/3/2024,561.3,551.2,567.8,539.6,683.93K,1.91%
4/2/2024,550.8,575.9,578.1,546.3,998.53K,-4.39%
4/1/2024,576.1,606.7,607.6,569.1,720.10K,-5.07%
3/31/2024,606.9,600.6,608.7,600.6,325.23K,1.02%
3/30/2024,600.8,612.6,612.6,597,501.22K,-1.91%
3/29/2024,612.5,583.5,619.9,582.2,1.04M,5.04%
3/28/2024,583.1,574.5,591.5,574.5,504.05K,1.55%
3/27/2024,574.2,580.5,585.2,564.4,531.66K,-1.09%
3/26/2024,580.5,587.4,597,571.9,569.36K,-1.12%
3/25/2024,587.1,567.8,597.7,565,802.71K,3.42%
3/24/2024,567.7,551.8,572.8,549,443.52K,2.83%
3/23/2024,552.1,553,567.7,544.4,608.84K,-0.25%
3/22/2024,553.5,553.6,587.7,535.6,1.18M,-0.05%
3/21/2024,553.8,556.6,570.8,541,953.91K,-0.50%
3/20/2024,556.6,507.4,558.9,500.5,1.43M,9.55%
3/19/2024,508.1,555.1,560.3,498.6,2.55M,-8.53%
3/18/2024,555.5,570.8,586.9,540.5,2.28M,-2.83%
3/17/2024,571.7,578.6,590.1,550.2,1.71M,-0.83%
3/16/2024,576.5,632.1,642,567.9,1.81M,-8.80%
3/15/2024,632.1,603.4,634.5,548.4,3.06M,4.77%
3/14/2024,603.3,631.2,631.4,565.8,2.12M,-4.30%
3/13/2024,630.4,537.5,632.6,531.8,2.53M,17.24%
3/12/2024,537.7,522.9,547.4,520.3,1.93M,2.99%
3/11/2024,522.1,529,533,507.3,1.61M,-1.32%
3/10/2024,529.1,488.3,536.6,485,1.94M,8.36%
3/9/2024,488.3,485.8,493.7,481.2,855.37K,0.37%
3/8/2024,486.5,474.6,489.4,463.8,1.66M,2.53%
3/7/2024,474.5,429.3,476.5,423.4,1.67M,10.55%
3/6/2024,429.2,394.3,434.3,385.9,1.81M,8.85%
3/5/2024,394.3,418.5,427.1,362.1,2.07M,-5.76%
3/4/2024,418.4,414.5,423.4,410.7,1.04M,0.89%
3/3/2024,414.7,410.7,416.5,402.9,838.21K,0.92%
3/2/2024,410.9,407.5,414.7,405.9,590.02K,0.88%
3/1/2024,407.3,399.7,408.5,399,586.64K,2.05%
2/29/2024,399.1,414.9,419.4,391.2,1.15M,-3.74%
2/28/2024,414.6,394.9,426.8,394.3,1.35M,5.07%
2/27/2024,394.6,401.6,403.7,390.1,915.87K,-1.74%
2/26/2024,401.6,388.6,404.5,382.1,1.20M,3.37%
2/25/2024,388.5,381.9,390.8,378,642.98K,1.78%
2/24/2024,381.7,375.7,383.3,371.8,445.54K,1.65%
2/23/2024,375.5,382.9,385.7,369.2,1.03M,-1.88%
2/22/2024,382.7,379.5,387.1,374,1.41M,0.92%
2/21/2024,379.2,354.6,379.3,351,1.70M,6.97%
2/20/2024,354.5,351.7,360.8,345.3,972.81K,0.80%
2/19/2024,351.7,349.7,356.1,349.4,831.30K,0.60%
2/18/2024,349.6,352.8,358.1,349.3,495.41K,-0.94%
2/17/2024,352.9,360.4,363.4,348.4,631.14K,-2.14%
2/16/2024,360.6,354.4,365.9,351.2,1.06M,1.81%
2/15/2024,354.2,333.8,366.1,333.3,1.36M,6.08%
2/14/2024,333.9,324.7,334.5,323.5,452.47K,2.83%
2/13/2024,324.7,327.8,329.1,319.3,443.85K,-0.98%
2/12/2024,327.9,320.7,331.4,315.7,576.67K,2.25%
2/11/2024,320.7,323,324.8,320.1,280.17K,-0.74%
2/10/2024,323.1,324.2,325.3,319.1,321.47K,-0.25%
2/9/2024,323.9,319.2,326,318,739.40K,1.57%
2/8/2024,318.9,307.5,320.5,307.5,921.45K,3.74%
2/7/2024,307.4,302.8,308.7,300.8,351.62K,1.52%
2/6/2024,302.8,301.2,303.7,300.9,260.76K,0.53%
2/5/2024,301.2,304.7,306.8,299.7,488.80K,-1.12%
2/4/2024,304.6,299.7,307.7,298,503.35K,1.67%
2/3/2024,299.6,301.4,303.7,299.6,198.99K,-0.60%
2/2/2024,301.4,300.2,304.9,299.9,309.49K,0.43%
2/1/2024,300.1,300.6,302.1,296.6,373.29K,-0.13%
1/31/2024,300.5,307.8,308,298.9,459.02K,-2.34%
1/30/2024,307.7,310.8,313.1,306.5,386.33K,-0.97%
1/29/2024,310.7,305.2,310.9,304.4,442.80K,1.77%
1/28/2024,305.3,305.6,308.9,303.2,409.42K,-0.13%
1/27/2024,305.7,302.2,307.5,301.9,285.52K,1.12%
1/26/2024,302.3,292.1,304.1,290.8,709.82K,3.60%
1/25/2024,291.8,293,296.3,287.6,1.00M,-0.44%
1/24/2024,293.1,298.6,300.6,290.5,802.17K,-1.91%
1/23/2024,298.8,305.8,311.6,290.5,928.20K,-2.35%
1/22/2024,306,319,320.2,304,704.71K,-3.95%
1/21/2024,318.6,317.2,321.7,316.1,359.81K,0.41%
1/20/2024,317.3,314.6,317.3,312.3,326.06K,0.83%
1/19/2024,314.7,313.1,316.1,306.1,835.94K,0.58%
1/18/2024,312.9,309.4,315.4,305.7,920.90K,1.16%
1/17/2024,309.3,315.2,316.2,307.2,1.07M,-1.84%
1/16/2024,315.1,317.6,319.3,313.2,952.18K,-0.79%
1/15/2024,317.6,299.7,319.8,299.6,1.70M,6.08%
1/14/2024,299.4,302.1,306.6,298.8,393.10K,-0.89%
1/13/2024,302.1,296.8,303,291,436.84K,1.79%
1/12/2024,296.8,308.5,312.9,290.1,1.00M,-3.73%
1/11/2024,308.3,305.7,316.7,301.6,1.18M,0.95%
1/10/2024,305.4,300.9,309.7,289,1.03M,1.43%
1/9/2024,301.1,303.7,306.7,296.2,1.40M,-0.82%
1/8/2024,303.6,302.5,308,290.5,984.59K,0.43%
1/7/2024,302.3,307.6,309.9,300.1,498.35K,-1.63%
1/6/2024,307.3,317.5,317.5,300.2,909.23K,-3.15%
1/5/2024,317.3,323.6,327.1,308.7,1.16M,-1.98%
1/4/2024,323.7,316.6,324.3,311,1.13M,2.50%
1/3/2024,315.8,312.4,333.7,295.6,2.13M,1.15%
1/2/2024,312.2,313.3,321,307,937.88K,-0.41%
1/1/2024,313.5,311.8,315.9,307.2,619.46K,0.48%
12/31/2023,312,317.1,325.4,308.3,666.68K,-1.45%
12/30/2023,316.6,313.6,320.5,312.5,561.79K,0.96%
12/29/2023,313.6,323,325.4,307.8,1.41M,-2.85%
12/28/2023,322.8,324.1,337.9,320.3,2.25M,-0.37%
12/27/2023,324,298.2,324,285.3,2.13M,8.80%
12/26/2023,297.8,266.9,303,264.3,2.36M,11.62%
12/25/2023,266.8,264.8,268,261.7,469.95K,0.91%
12/24/2023,264.4,270.9,272.5,262.1,572.68K,-2.36%
12/23/2023,270.8,271.2,272,265.8,408.15K,-0.04%
12/22/2023,270.9,272.2,276.2,265,968.01K,-0.22%
12/21/2023,271.5,260.3,274.7,256.3,1.29M,4.34%
12/20/2023,260.2,252.9,261.7,250.5,1.12M,2.89%
12/19/2023,252.9,241.8,254.7,241.4,1.57M,4.63%
12/18/2023,241.7,239,241.7,232.1,876.48K,1.13%
12/17/2023,239,244.3,244.5,238.9,464.63K,-2.21%
12/16/2023,244.4,245,248.1,243.2,444.19K,-0.20%
12/15/2023,244.9,253.2,253.2,243.3,655.66K,-3.32%
12/14/2023,253.3,252.1,254,248.1,818.94K,0.48%
12/13/2023,252.1,254.7,255.9,244.3,1.16M,-0.90%
12/12/2023,254.4,246.6,257,245.7,1.88M,3.25%
12/11/2023,246.4,239.7,247.5,229,2.01M,2.80%
12/10/2023,239.7,237.9,241.4,237,433.87K,0.93%
12/9/2023,237.5,239.3,245.2,236.5,837.49K,-0.54%
12/8/2023,238.8,233,239.9,232.4,764.64K,2.62%
12/7/2023,232.7,229.6,234.7,228.6,793.85K,1.35%
12/6/2023,229.6,231.3,234.7,228.8,858.83K,-0.69%
12/5/2023,231.2,233.3,234.9,228.2,861.71K,-0.99%
12/4/2023,233.5,228.1,236.8,226,1.48M,2.37%
12/3/2023,228.1,229.2,231.7,226.1,594.61K,-0.44%
12/2/2023,229.1,228.5,230.1,226.4,456.15K,0.26%
12/1/2023,228.5,227.7,230,227,425.90K,0.40%
11/30/2023,227.6,227.3,229.2,226,360.84K,0.13%
11/29/2023,227.3,229.8,231.2,226.2,416.54K,-1.00%
11/28/2023,229.6,227.3,231.7,224.3,547.41K,1.01%
11/27/2023,227.3,231.8,232.9,222.9,831.45K,-1.86%
11/26/2023,231.6,234.3,234.5,228.7,437.36K,-1.24%
11/25/2023,234.5,232.9,235.6,232.4,313.29K,0.73%
11/24/2023,232.8,233.8,236.4,231.6,617.38K,-0.39%
11/23/2023,233.7,236.3,239,230.5,718.42K,-1.02%
11/22/2023,236.1,225.2,238.3,225.2,1.80M,4.61%
11/21/2023,225.7,253.1,271.2,224.1,4.05M,-10.83%
11/20/2023,253.1,246.6,267.8,240,1.52M,2.76%
11/19/2023,246.3,244.7,246.8,241.9,378.86K,0.61%
11/18/2023,244.8,244.9,245.2,238.8,486.39K,0.00%
11/17/2023,244.8,242.5,245.9,238.5,757.36K,0.87%
11/16/2023,242.7,253.8,255.6,240.3,1.09M,-4.37%
11/15/2023,253.8,242.2,254.2,242.1,911.41K,4.79%
11/14/2023,242.2,241,249.4,235.4,992.85K,0.41%
11/13/2023,241.2,247.5,250.2,240.3,953.79K,-2.51%
11/12/2023,247.4,251.6,251.9,245.4,637.13K,-1.67%
11/11/2023,251.6,251.1,255.2,246.2,738.64K,0.28%
11/10/2023,250.9,251.8,257.9,248.2,815.14K,-0.32%
11/9/2023,251.7,246.7,255.6,241.7,1.32M,2.03%
11/8/2023,246.7,246.2,248.1,244.3,500.49K,0.16%
11/7/2023,246.3,255.1,255.5,242.3,873.31K,-3.45%
11/6/2023,255.1,243.8,255.5,241.7,844.78K,4.55%
11/5/2023,244,237.2,245.5,236.1,613.22K,2.91%
11/4/2023,237.1,230.2,238.6,229.3,391.47K,2.95%
11/3/2023,230.3,231.8,232.4,225.9,501.44K,-0.65%
11/2/2023,231.8,228,233.4,227.5,829.38K,1.71%
11/1/2023,227.9,226.1,229.3,222.6,578.67K,0.71%
10/31/2023,226.3,228,229.3,224,465.33K,-0.70%
10/30/2023,227.9,227.1,229.1,224.8,397.07K,0.40%
10/29/2023,227,225.6,228.1,223.7,269.01K,0.58%
10/28/2023,225.7,224.2,228.3,224.2,348.29K,0.58%
10/27/2023,224.4,223.1,230.9,219.9,970.14K,0.54%
10/26/2023,223.2,222,228,219.5,727.42K,0.50%
10/25/2023,222.1,225,229,221.7,625.10K,-1.33%
10/24/2023,225.1,228.9,237.5,222.1,1.01M,-1.40%
10/23/2023,228.3,217.9,230.4,217,840.67K,4.82%
10/22/2023,217.8,214.2,218.1,213.6,291.85K,1.73%
10/21/2023,214.1,212.1,215.7,211.4,263.19K,0.94%
10/20/2023,212.1,211.2,216.4,210.6,344.93K,0.47%
10/19/2023,211.1,210.2,211.4,208.2,274.49K,0.43%
10/18/2023,210.2,211.4,213.7,209.9,260.94K,-0.61%
10/17/2023,211.5,214.7,214.9,209.6,372.63K,-1.49%
10/16/2023,214.7,209.8,218.8,209.6,773.19K,2.34%
10/15/2023,209.8,206.6,210.2,206.4,365.61K,1.55%
10/14/2023,206.6,205.9,207.1,205.7,142.74K,0.29%
10/13/2023,206,205.2,208.1,204.3,331.64K,0.34%
10/12/2023,205.3,206.6,207.1,203,355.73K,-0.63%
10/11/2023,206.6,208.6,208.8,204.6,397.20K,-0.91%
10/10/2023,208.5,205.7,210.9,205.7,577.73K,1.31%
10/9/2023,205.8,211.3,212.2,203,572.30K,-2.65%
10/8/2023,211.4,212.3,212.7,209.1,225.25K,-0.42%
10/7/2023,212.3,213.3,213.8,211.5,125.93K,-0.52%
10/6/2023,213.4,210.7,214.4,210.2,258.36K,1.28%
10/5/2023,210.7,213.4,213.8,210.3,259.36K,-1.17%
10/4/2023,213.2,213.4,213.7,210.8,328.67K,-0.14%
10/3/2023,213.5,214.6,215.8,212.7,294.52K,-0.51%
10/2/2023,214.6,218.2,221.4,213.1,565.95K,-1.56%
10/1/2023,218,214.5,219.2,213.2,414.93K,1.63%
9/30/2023,214.5,215.2,216.4,214.3,178.89K,-0.33%
9/29/2023,215.2,214.9,217.5,214.3,371.82K,0.09%
9/28/2023,215,212.1,216.9,211.6,394.43K,1.42%
9/27/2023,212,212.5,216,210.6,409.25K,-0.28%
9/26/2023,212.6,210,213.6,209.7,281.71K,1.24%
9/25/2023,210,208.2,210.5,207,271.83K,0.82%
9/24/2023,208.3,210.5,211.2,207,184.99K,-1.05%
9/23/2023,210.5,211.1,211.6,209.9,117.60K,-0.24%
9/22/2023,211,210.8,212.1,209.8,237.75K,0.09%
9/21/2023,210.8,214.4,215.1,209.2,412.32K,-1.63%
9/20/2023,214.3,217.1,217.8,213.5,368.67K,-1.34%
9/19/2023,217.2,216,219.6,215.5,347.66K,0.56%
9/18/2023,216,216.3,221.2,215.2,600.05K,-0.18%
9/17/2023,216.4,214.8,216.7,213.4,332.76K,0.70%
9/16/2023,214.9,214.2,215.8,213.4,288.70K,0.37%
9/15/2023,214.1,212.1,215,211.1,312.85K,0.90%
9/14/2023,212.2,212.5,214.9,211.2,354.01K,-0.19%
9/13/2023,212.6,210.8,213.2,209.3,301.63K,0.90%
9/12/2023,210.7,206.1,213.8,205.1,523.67K,2.18%
9/11/2023,206.2,212.4,212.7,204.2,580.15K,-2.92%
9/10/2023,212.4,214.2,214.3,211.3,281.62K,-0.79%
9/9/2023,214.1,214.7,215.4,214.1,94.75K,-0.28%
9/8/2023,214.7,217.1,218.4,213.4,235.34K,-1.11%
9/7/2023,217.1,215.2,217.8,213.6,247.64K,0.88%
9/6/2023,215.2,214.6,218.1,212.2,300.82K,0.28%
9/5/2023,214.6,215.2,216,213.6,243.08K,-0.28%
9/4/2023,215.2,214.4,216.5,213.1,305.32K,0.37%
9/3/2023,214.4,214.5,215.1,213.2,168.46K,-0.05%
9/2/2023,214.5,213.6,215.7,213,207.72K,0.37%
9/1/2023,213.7,216.6,218,211.4,461.79K,-1.38%
8/31/2023,216.7,223.6,225.8,215.1,452.05K,-3.17%
8/30/2023,223.8,227,227.2,221.8,305.14K,-1.37%
8/29/2023,226.9,218.9,233.5,217,666.19K,3.70%
8/28/2023,218.8,218.5,219.2,215.6,310.32K,0.23%
8/27/2023,218.3,216.4,219.7,215.9,186.92K,0.83%
8/26/2023,216.5,218.5,219.2,216.1,145.41K,-0.87%
8/25/2023,218.4,219.2,219.5,213.9,382.07K,-0.27%
8/24/2023,219,216.7,220.5,215.7,368.77K,1.06%
8/23/2023,216.7,211,218.6,210.8,646.11K,2.75%
8/22/2023,210.9,210.4,212.7,203.8,875.78K,0.24%
8/21/2023,210.4,216.6,216.8,206.7,782.10K,-2.82%
8/20/2023,216.5,216.9,217.9,215.4,190.46K,-0.18%
8/19/2023,216.9,216.1,219.2,214.1,323.40K,0.37%
8/18/2023,216.1,217.9,220.3,213.5,674.90K,-0.92%
8/17/2023,218.1,232.1,232.4,214.3,1.02M,-6.03%
8/16/2023,232.1,236.7,237.4,231,427.15K,-2.03%
8/15/2023,236.9,240.4,240.7,235,397.71K,-1.50%
8/14/2023,240.5,240,241.4,239.8,201.24K,0.12%
8/13/2023,240.2,240.3,241.8,239.9,132.86K,-0.04%
8/12/2023,240.3,239.8,241.2,239.3,114.05K,0.25%
8/11/2023,239.7,241.4,242.3,238.3,287.34K,-0.70%
8/10/2023,241.4,243.9,244.1,240.5,261.85K,-0.98%
8/9/2023,243.8,245.2,245.5,242.8,294.21K,-0.57%
8/8/2023,245.2,242.1,247.9,241.5,377.49K,1.28%
8/7/2023,242.1,243.2,244.8,239.7,302.09K,-0.45%
8/6/2023,243.2,243.3,245.5,242.8,278.29K,-0.04%
8/5/2023,243.3,241.7,243.3,240.2,176.34K,0.66%
8/4/2023,241.7,240.9,243.4,240.7,274.72K,0.25%
8/3/2023,241.1,240.6,241.9,238.5,303.97K,0.17%
8/2/2023,240.7,247.8,248.8,235.9,631.62K,-2.87%
8/1/2023,247.8,240.9,247.8,238.1,813.01K,2.86%
7/31/2023,240.9,242.5,244.4,240.7,333.06K,-0.66%
7/30/2023,242.5,242.7,243.8,240.6,255.25K,0.00%
7/29/2023,242.5,241.9,242.9,241.1,102.43K,0.25%
7/28/2023,241.9,240.7,242.9,239.7,232.99K,0.54%
7/27/2023,240.6,239,243.6,238.5,310.32K,0.67%
7/26/2023,239,237.9,240.3,236.5,318.54K,0.50%
7/25/2023,237.8,238.9,239.7,236.6,307.36K,-0.50%
7/24/2023,239,242.5,243,235.5,463.26K,-1.40%
7/23/2023,242.4,241.1,243.9,240.5,172.04K,0.62%
7/22/2023,240.9,243.7,244.8,240.2,184.37K,-1.19%
7/21/2023,243.8,242.7,245.2,242.2,295.18K,0.45%
7/20/2023,242.7,240.9,245,240.6,449.39K,0.71%
7/19/2023,241,240.2,244,239.8,444.48K,0.33%
7/18/2023,240.2,244.2,246.6,238.1,932.46K,-1.60%
7/17/2023,244.1,242.3,244.8,240.1,792.93K,0.74%
7/16/2023,242.3,250.9,252,242.2,432.66K,-3.43%
7/15/2023,250.9,248.1,252.5,247.1,383.74K,1.13%
7/14/2023,248.1,256.2,261.6,243.5,1.07M,-3.20%
7/13/2023,256.3,244,257.5,242.8,1.04M,5.08%
7/12/2023,243.9,248.6,250.4,242.7,599.56K,-1.93%
7/11/2023,248.7,246.1,249.4,244.7,660.18K,1.02%
7/10/2023,246.2,234.2,246.3,231.6,1.19M,5.17%
7/9/2023,234.1,236.3,237,233.2,234.83K,-0.93%
7/8/2023,236.3,235.6,237.6,234.3,259.73K,0.30%
7/7/2023,235.6,232.3,236.1,231.5,432.30K,1.42%
7/6/2023,232.3,239,244.3,231.7,673.19K,-2.76%
7/5/2023,238.9,242.4,243.9,236.8,520.02K,-1.44%
7/4/2023,242.4,246.6,246.9,240.7,490.00K,-1.58%
7/3/2023,246.3,246.4,253.8,245.6,872.25K,-0.04%
7/2/2023,246.4,247.9,248.4,243.1,598.04K,-0.56%
7/1/2023,247.8,240.5,248.8,240.3,723.61K,3.08%
6/30/2023,240.4,233.2,241.7,231.8,842.96K,3.13%
6/29/2023,233.1,230.6,236.5,230.5,352.13K,1.13%
6/28/2023,230.5,237.4,237.4,225.9,643.23K,-2.95%
6/27/2023,237.5,236.2,240.8,234.5,360.27K,0.59%
6/26/2023,236.1,238.8,241.2,233.8,526.26K,-1.17%
6/25/2023,238.9,236.4,241.9,235.3,513.29K,1.01%
6/24/2023,236.5,244.4,248.5,231.1,791.71K,-3.15%
6/23/2023,244.2,240.7,249.4,239.7,638.34K,1.41%
6/22/2023,240.8,248.9,256.8,239.5,1.03M,-3.29%
6/21/2023,249,247.9,253.9,245.2,1.01M,0.52%
6/20/2023,247.7,243.1,248,238.7,638.64K,1.93%
6/19/2023,243,244,244.7,238.9,424.73K,-0.45%
6/18/2023,244.1,244.6,248.5,242.6,359.74K,-0.20%
6/17/2023,244.6,239.4,249.5,237.3,491.32K,2.17%
6/16/2023,239.4,236.4,243.2,232.5,562.63K,1.23%
6/15/2023,236.5,238,240.6,230.7,602.39K,-0.59%
6/14/2023,237.9,244,252.1,233.7,970.67K,-2.58%
6/13/2023,244.2,231.4,246.6,228.9,1.23M,5.58%
6/12/2023,231.3,235.4,238.8,221.4,1.58M,-1.74%
6/11/2023,235.4,238.9,239.3,233.6,402.70K,-1.38%
6/10/2023,238.7,260.7,260.7,230.8,1.60M,-8.37%
6/9/2023,260.5,261.8,264.3,255.9,509.76K,-0.53%
6/8/2023,261.9,259.1,267.2,257.3,580.02K,1.04%
6/7/2023,259.2,281.1,281.6,254.6,1.19M,-7.79%
6/6/2023,281.1,276.9,285.6,273.4,709.14K,1.44%
6/5/2023,277.1,304.9,305,272.4,1.10M,-9.18%
6/4/2023,305.1,306.6,307.6,304.8,187.78K,-0.49%
6/3/2023,306.6,307.3,308.1,305.3,158.79K,-0.23%
6/2/2023,307.3,304.8,308.4,303.5,300.58K,0.82%
6/1/2023,304.8,306.7,307.5,303.3,255.62K,-0.62%
5/31/2023,306.7,311.4,311.8,305,437.14K,-1.51%
5/30/2023,311.4,311.6,314.1,310.9,291.31K,-0.06%
5/29/2023,311.6,314.4,316.9,310.5,461.54K,-0.80%
5/28/2023,314.1,307.4,314.4,306.8,257.40K,2.18%
5/27/2023,307.4,306.8,307.7,304.1,145.01K,0.16%
5/26/2023,306.9,304.6,308.4,301.7,398.61K,0.76%
5/25/2023,304.6,306,306.8,302.5,287.33K,-0.42%
5/24/2023,305.9,313.4,313.6,303.8,292.70K,-2.42%
5/23/2023,313.5,309.1,315.3,309.1,225.83K,1.42%
5/22/2023,309.1,306.4,311.1,304.5,222.07K,0.88%
5/21/2023,306.4,310.6,311.6,305.8,143.28K,-1.38%
5/20/2023,310.7,308.9,311.9,307.8,104.38K,0.58%
5/19/2023,308.9,309.3,311.4,307.7,191.70K,-0.16%
5/18/2023,309.4,314.3,314.8,306.2,236.57K,-1.56%
5/17/2023,314.3,311.4,314.3,307.2,221.27K,0.96%
5/16/2023,311.3,313.4,314,309.4,182.86K,-0.67%
5/15/2023,313.4,312,316.2,310.7,202.86K,0.42%
5/14/2023,312.1,310.8,314.7,309.5,192.93K,0.45%
5/13/2023,310.7,308.7,311.8,307.6,151.65K,0.68%
5/12/2023,308.6,307.6,309,301.3,327.02K,0.36%
5/11/2023,307.5,314.3,314.4,304.5,291.86K,-2.16%
5/10/2023,314.3,312.2,316.7,308.6,360.15K,0.67%
5/9/2023,312.2,313.6,315.8,311.2,260.67K,-0.51%
5/8/2023,313.8,320.5,322,311.2,379.55K,-2.21%
5/7/2023,320.9,322,325.4,320.5,203.50K,-0.31%
5/6/2023,321.9,326.7,328.4,319.6,275.37K,-1.41%
5/5/2023,326.5,323.9,329.1,323.2,284.55K,0.83%
5/4/2023,323.8,325.9,327.4,323.2,195.77K,-0.64%
5/3/2023,325.9,322.2,327.5,320.6,610.83K,1.37%
5/2/2023,321.5,327.9,328.5,321.5,437.26K,-2.16%
5/1/2023,328.6,337.7,339.5,326.2,723.77K,-2.67%
4/30/2023,337.6,321.8,338.2,320.4,710.28K,4.88%
4/29/2023,321.9,324,324.7,321.3,226.46K,-0.65%
4/28/2023,324,330.5,330.8,319,991.22K,-2.03%
4/27/2023,330.7,330.4,336.4,328.7,482.81K,0.06%
4/26/2023,330.5,338.4,344.9,323.8,679.54K,-2.33%
4/25/2023,338.4,331.3,339.8,328.6,436.53K,2.20%
4/24/2023,331.1,330.8,333.7,328.1,442.71K,0.15%
4/23/2023,330.6,332.3,332.4,327.4,384.63K,-0.45%
4/22/2023,332.1,321.2,333.1,319.9,381.73K,3.36%
4/21/2023,321.3,317.9,332.6,315.8,910.75K,1.01%
4/20/2023,318.1,322.3,326.7,315.5,367.45K,-1.33%
4/19/2023,322.4,343.1,343.7,320.4,537.43K,-6.01%
4/18/2023,343,339.8,346.5,337.2,391.65K,0.88%
4/17/2023,340,347.7,350,337.7,556.63K,-2.21%
4/16/2023,347.7,332.9,349.9,330.2,632.61K,4.41%
4/15/2023,333,328.7,335.9,327,418.64K,1.28%
4/14/2023,328.8,324.6,335.3,323.4,679.88K,1.29%
4/13/2023,324.6,319.9,324.8,317.8,348.18K,1.50%
4/12/2023,319.8,322.3,323.2,316.8,354.42K,-0.74%
4/11/2023,322.2,318.8,333,317.8,661.08K,1.13%
4/10/2023,318.6,312.8,318.6,311.7,271.48K,1.85%
4/9/2023,312.8,310.6,313.5,309.7,163.74K,0.74%
4/8/2023,310.5,310.4,312.7,310.2,165.38K,0.03%
4/7/2023,310.4,312.3,312.7,309.8,180.07K,-0.58%
4/6/2023,312.2,314,314.8,310.7,232.20K,-0.57%
4/5/2023,314,310.7,316.7,310.3,320.35K,1.03%
4/4/2023,310.8,308.8,312.5,308.2,306.35K,0.71%
4/3/2023,308.6,313.8,314.1,299.9,450.58K,-1.66%
4/2/2023,313.8,314.7,316.1,311.1,149.78K,-0.35%
4/1/2023,314.9,316.9,318.6,313.2,185.90K,-0.69%
3/31/2023,317.1,316.5,319.7,313.6,266.27K,0.22%
3/30/2023,316.4,313.6,318.6,309.3,496.19K,0.83%
3/29/2023,313.8,313.4,319.7,312.4,327.23K,0.16%
3/28/2023,313.3,310.5,315.6,306.9,329.61K,0.84%
3/27/2023,310.7,328.4,329.6,306.1,577.74K,-5.42%
3/26/2023,328.5,322.3,329.4,321.7,204.72K,1.86%
3/25/2023,322.5,322,324.8,319.1,317.43K,0.22%
3/24/2023,321.8,329.6,330,317.3,306.83K,-2.28%
3/23/2023,329.3,321,331.8,319.2,383.14K,2.52%
3/22/2023,321.2,334.4,339.3,316.5,1.29M,-3.92%
3/21/2023,334.3,332.3,339.8,327.3,477.43K,0.57%
3/20/2023,332.4,336,339,331.7,511.64K,-1.25%
3/19/2023,336.6,330.8,341.2,330.8,402.09K,1.69%
3/18/2023,331,338.9,346,329.1,662.61K,-2.33%
3/17/2023,338.9,329.5,339.9,326.1,726.79K,2.88%
3/16/2023,329.4,306.2,332.4,303,1.25M,7.54%
3/15/2023,306.3,308.6,312.7,300.5,413.24K,-0.75%
3/14/2023,308.6,308.1,319.2,302.2,703.69K,0.23%
3/13/2023,307.9,288.4,312.6,286.3,991.75K,6.91%
3/12/2023,288,276,288.1,273.4,316.24K,4.35%
3/11/2023,276,277.3,281.6,270.6,370.35K,-0.54%
3/10/2023,277.5,276.9,278,265.3,404.29K,0.18%
3/9/2023,277,286.9,291.3,271.4,319.00K,-3.48%
3/8/2023,287,289.3,293.9,285.2,260.90K,-0.80%
3/7/2023,289.3,287.9,290.4,283.6,200.54K,0.49%
3/6/2023,287.9,288.8,289.7,283.6,205.16K,-0.28%
3/5/2023,288.7,289.6,292.7,287.4,128.48K,-0.28%
3/4/2023,289.5,290.3,291.4,286,128.06K,-0.31%
3/3/2023,290.4,299.9,300,287.2,266.61K,-3.14%
3/2/2023,299.8,302.6,303.7,295.9,200.97K,-0.96%
3/1/2023,302.7,301.5,306.4,300.6,200.81K,0.43%
2/28/2023,301.4,304.7,305.6,300.1,186.64K,-1.08%
2/27/2023,304.7,308.6,309.4,300.7,234.41K,-1.30%
2/26/2023,308.7,302.4,309.6,300.7,151.60K,2.08%
2/25/2023,302.4,302.4,303,296.4,178.65K,0.03%
2/24/2023,302.3,308.3,311.9,298.9,328.64K,-1.95%
2/23/2023,308.3,312.5,315,305.9,301.44K,-1.41%
2/22/2023,312.7,311.6,312.8,303.7,367.58K,0.39%
2/21/2023,311.5,315.6,317.2,309.5,385.27K,-1.24%
2/20/2023,315.4,311.4,319.6,308.6,514.88K,1.02%
2/19/2023,312.2,316.5,318.6,311,335.49K,-1.36%
2/18/2023,316.5,313.2,318.9,313.2,282.49K,1.09%
2/17/2023,313.1,304.5,317.1,303.2,508.75K,2.86%
2/16/2023,304.4,317.5,327.1,304.1,858.07K,-4.13%
2/15/2023,317.5,296.5,317.6,294.1,465.87K,7.19%
2/14/2023,296.2,294.3,301.3,289.9,494.78K,0.65%
2/13/2023,294.3,312.6,315.3,283,1.07M,-5.85%
2/12/2023,312.6,310.5,320.8,306.3,291.40K,0.74%
2/11/2023,310.3,305.8,311.3,305.2,154.49K,1.47%
2/10/2023,305.8,305.9,309.1,302.8,295.78K,-0.13%
2/9/2023,306.2,328.2,329.2,303.3,564.68K,-6.70%
2/8/2023,328.2,333.2,335.7,323.8,286.85K,-1.47%
2/7/2023,333.1,323.4,333.6,323.4,266.20K,2.78%
2/6/2023,324.1,327.6,331.2,321.4,290.66K,-1.10%
2/5/2023,327.7,330.4,337.6,324.2,396.58K,-0.82%
2/4/2023,330.4,332.3,334,327.2,212.00K,-0.54%
2/3/2023,332.2,323.7,335,318.6,580.19K,2.94%
2/2/2023,322.7,317.2,334.1,316.4,587.38K,1.83%
2/1/2023,316.9,312.1,319.3,305.8,390.60K,1.54%
1/31/2023,312.1,307.2,314,305.4,278.07K,1.63%
1/30/2023,307.1,317.2,320.7,302.7,413.75K,-3.21%
1/29/2023,317.3,306.3,320.4,304.9,430.76K,3.66%
1/28/2023,306.1,308,313.4,303.8,229.52K,-0.62%
1/27/2023,308,304.9,310.4,299.4,271.40K,1.02%
1/26/2023,304.9,307,309.5,302,342.44K,-0.59%
1/25/2023,306.7,300.2,313.7,293.8,447.24K,2.13%
1/24/2023,300.3,305.1,323,299.7,629.72K,-1.61%
1/23/2023,305.2,303,307.7,301.2,301.93K,0.69%
1/22/2023,303.1,298.8,311.3,298.7,388.92K,1.34%
1/21/2023,299.1,305.4,309.8,298.7,508.00K,-1.97%
1/20/2023,305.1,294.7,305.3,286.8,423.81K,3.56%
1/19/2023,294.6,286.3,295.3,286.3,215.85K,2.68%
1/18/2023,286.9,299.4,305,281.7,621.02K,-4.14%
1/17/2023,299.3,299,305.4,296.2,279.94K,0.07%
1/16/2023,299.1,302.1,308,293.7,350.99K,-0.99%
1/15/2023,302.1,305.1,306.1,292.1,288.74K,-1.02%
1/14/2023,305.2,293.6,314.3,293.5,706.54K,3.92%
1/13/2023,293.7,287.7,295.5,285,313.49K,2.09%
1/12/2023,287.7,285.2,288.2,279.3,391.86K,1.09%
1/11/2023,284.6,277.2,286.8,274.3,265.87K,2.71%
1/10/2023,277.1,272.7,278.7,270.7,260.91K,1.65%
1/9/2023,272.6,274.7,283.4,271.4,439.02K,-0.73%
1/8/2023,274.6,261.6,274.9,260.3,236.02K,5.09%
1/7/2023,261.3,259.8,263.6,259.4,115.16K,0.54%
1/6/2023,259.9,256.6,260.7,254.9,199.58K,1.29%
1/5/2023,256.6,258.9,259.1,255.3,145.31K,-0.93%
1/4/2023,259,246.3,260.8,245.7,369.98K,5.20%
1/3/2023,246.2,245.3,246.9,244.6,115.08K,0.41%
1/2/2023,245.2,244.4,247.9,241.2,173.48K,0.33%
1/1/2023,244.4,246.3,246.7,243.5,109.54K,-0.69%
12/31/2022,246.1,245.9,247.9,244.9,134.02K,0.12%
12/30/2022,245.8,246.4,246.6,242.8,128.42K,-0.20%
12/29/2022,246.3,244.6,246.7,243.4,162.14K,0.78%
12/28/2022,244.4,246.6,247.1,241.9,208.12K,-0.89%
12/27/2022,246.6,244.7,248.1,242.3,196.71K,0.94%
12/26/2022,244.3,243.2,244.8,242,116.93K,0.45%
12/25/2022,243.2,244.6,245.8,241.5,125.00K,-0.53%
12/24/2022,244.5,246.2,246.2,243.8,96.79K,-0.69%
12/23/2022,246.2,246,248.4,244,175.26K,0.12%
12/22/2022,245.9,246.2,248.2,240.4,246.23K,-0.12%
12/21/2022,246.2,251.4,251.4,245.4,195.05K,-2.07%
12/20/2022,251.4,240.4,253,239.4,320.68K,4.53%
12/19/2022,240.5,251.2,253.2,237.7,408.64K,-4.18%
12/18/2022,251,242.3,253.5,239.7,526.19K,3.72%
12/17/2022,242,231,244,220.5,788.81K,4.72%
12/16/2022,231.1,258.7,264.4,226.1,876.21K,-10.63%
12/15/2022,258.6,267.7,268,256.6,351.46K,-3.40%
12/14/2022,267.7,272.1,278.3,265.8,580.07K,-1.65%
12/13/2022,272.2,276.3,281.2,256.2,1.31M,-1.41%
12/12/2022,276.1,284.3,285.7,272.7,507.66K,-2.95%
12/11/2022,284.5,288.2,291.2,283.5,206.24K,-1.28%
12/10/2022,288.2,286.1,289.8,285.8,148.93K,0.77%
12/9/2022,286,290.6,291.7,285,308.34K,-1.55%
12/8/2022,290.5,284.2,291.7,282.4,281.74K,2.25%
12/7/2022,284.1,290.2,290.7,281.6,361.44K,-2.10%
12/6/2022,290.2,288.6,290.7,286.8,247.91K,0.62%
12/5/2022,288.4,291.8,297.1,286.2,295.04K,-1.30%
12/4/2022,292.2,290.1,292.6,288.3,244.32K,0.62%
12/3/2022,290.4,293.5,294.3,290,234.75K,-1.06%
12/2/2022,293.5,292.3,293.8,285.7,363.87K,0.48%
12/1/2022,292.1,300.5,301.8,290.2,799.14K,-2.76%
11/30/2022,300.4,295.6,305.1,293.4,466.70K,1.69%
11/29/2022,295.4,293.1,305.2,289.2,422.49K,0.65%
11/28/2022,293.5,307.6,309.5,287.6,603.76K,-4.58%
11/27/2022,307.6,311.1,316.6,306.9,309.70K,-1.16%
11/26/2022,311.2,300.7,317.6,300.1,569.67K,3.60%
11/25/2022,300.4,300.3,305.2,294.4,465.62K,0.10%
11/24/2022,300.1,298.9,303.7,294.3,551.26K,0.47%
11/23/2022,298.7,266.5,301.3,265,1.22M,12.00%
11/22/2022,266.7,254.1,267.8,252.3,357.20K,4.96%
11/21/2022,254.1,264.2,265,250.6,580.89K,-3.90%
11/20/2022,264.4,272.3,273.8,262,306.52K,-3.01%
11/19/2022,272.6,270.4,274,270.3,194.13K,-0.15%
11/18/2022,273,272.4,274.8,270.2,278.44K,1.68%
11/17/2022,268.5,272.7,273.3,263.6,374.94K,-0.63%
11/16/2022,270.2,276.8,280.1,269,394.02K,-2.45%
11/15/2022,277,279,282.1,273.7,445.93K,-0.72%
11/14/2022,279,276.3,291.8,268,819.16K,0.83%
11/13/2022,276.7,282.7,286.4,273.7,441.37K,-2.12%
11/12/2022,282.7,290.3,291.9,271.9,545.35K,-2.58%
11/11/2022,290.2,303.5,305.8,279.7,694.94K,-4.54%
11/10/2022,304,266.9,312,263.9,1.41M,13.90%
11/9/2022,266.9,326.8,332.6,260.5,1.90M,-18.50%
11/8/2022,327.5,337,393.4,300.1,3.10M,-2.79%
11/7/2022,336.9,337.7,344.2,326.7,740.78K,-0.41%
11/6/2022,338.3,348.6,355.3,338.3,390.00K,-3.09%
11/5/2022,349.1,354.6,360.7,346.3,411.76K,-1.52%
11/4/2022,354.5,329.6,358.6,328.3,751.69K,7.55%
11/3/2022,329.6,320.1,338.2,318.1,622.31K,2.94%
11/2/2022,320.2,323.8,329.3,315.7,561.39K,-1.14%
11/1/2022,323.9,325.6,334.5,317.6,550.18K,-0.58%
10/31/2022,325.8,313.5,337.1,306.9,1.05M,3.92%
10/30/2022,313.5,304.3,318.6,302.4,538.58K,2.99%
10/29/2022,304.4,297.9,308.2,295.7,553.74K,2.22%
10/28/2022,297.8,286.7,300.8,285.8,416.57K,3.87%
10/27/2022,286.7,290.2,293.3,284.9,315.73K,-1.24%
10/26/2022,290.3,284.2,292,284.2,316.38K,2.18%
10/25/2022,284.1,274.2,289.7,272.1,387.53K,3.65%
10/24/2022,274.1,275.9,277.2,271.7,154.13K,-0.69%
10/23/2022,276,270.5,276.7,268.9,134.55K,2.03%
10/22/2022,270.5,270.1,271.1,268.4,84.04K,0.19%
10/21/2022,270,268.8,271,263.9,195.45K,0.37%
10/20/2022,269,271.9,273.3,267.7,166.12K,-1.14%
10/19/2022,272.1,273.1,273.8,270.4,153.30K,-0.40%
10/18/2022,273.2,275.9,276,270.2,195.69K,-0.91%
10/17/2022,275.7,272.3,275.9,270,187.28K,1.17%
10/16/2022,272.5,268,273.8,268,185.56K,1.60%
10/15/2022,268.2,269.5,271.3,267.6,144.09K,-0.48%
10/14/2022,269.5,271.7,276.7,268.1,298.61K,-0.81%
10/13/2022,271.7,270.8,273.7,257,540.79K,0.33%
10/12/2022,270.8,271.4,272.8,269.4,167.82K,-0.18%
10/11/2022,271.3,271.3,273.8,267.9,222.49K,-0.07%
10/10/2022,271.5,278.2,279.1,271.5,216.61K,-2.41%
10/9/2022,278.2,276.4,279.4,275.2,171.01K,0.69%
10/8/2022,276.3,282.1,282.7,275.6,183.97K,-2.16%
10/7/2022,282.4,286.5,286.6,279.8,354.75K,-1.60%
10/6/2022,287,294.1,297.9,279.5,450.04K,-2.41%
10/5/2022,294.1,296.2,296.3,289.4,221.02K,-0.74%
10/4/2022,296.3,287.1,298.2,286.3,321.85K,3.24%
10/3/2022,287,284.7,288.8,283.5,276.10K,0.91%
10/2/2022,284.4,282.9,287.8,279.7,201.24K,0.53%
10/1/2022,282.9,284.6,285.3,278,196.76K,-0.70%
9/30/2022,284.9,284.3,289.8,280.7,391.98K,0.32%
9/29/2022,284,281.6,285.5,277.3,301.16K,0.85%
9/28/2022,281.6,272.4,283.7,266.5,358.02K,3.38%
9/27/2022,272.4,276.1,286.3,269.6,406.74K,-1.34%
9/26/2022,276.1,274.3,276.6,270.9,268.01K,0.73%
9/25/2022,274.1,273.5,279.6,271.3,221.09K,-0.18%
9/24/2022,274.6,276.7,284.9,274.6,324.77K,-0.79%
9/23/2022,276.8,275.4,277.8,269.4,363.36K,0.54%
9/22/2022,275.3,263.9,276.2,263.5,339.93K,4.08%
9/21/2022,264.5,266.3,276.3,260.7,535.06K,-0.64%
9/20/2022,266.2,272.4,273.5,265.5,335.63K,-2.13%
9/19/2022,272,266.2,272.9,256.7,508.06K,2.18%
9/18/2022,266.2,279.2,280,264.1,327.78K,-4.62%
9/17/2022,279.1,275,279.7,274.8,189.71K,1.53%
9/16/2022,274.9,271.2,276.4,268.6,311.75K,1.44%
9/15/2022,271,279.1,280.5,267.2,520.58K,-3.01%
9/14/2022,279.4,277.4,282.5,273.4,424.98K,0.72%
9/13/2022,277.4,294.1,298,275.7,578.31K,-5.58%
9/12/2022,293.8,295.1,299.8,290.9,408.66K,-0.54%
9/11/2022,295.4,297.1,298.1,291,261.12K,-0.40%
9/10/2022,296.6,293.4,298.6,290.5,328.28K,1.09%
9/9/2022,293.4,280.5,295.7,280.1,541.87K,4.60%
9/8/2022,280.5,279.2,282.3,275.7,385.67K,0.61%
9/7/2022,278.8,262.3,280.1,258.7,431.79K,6.29%
9/6/2022,262.3,277.3,286.2,262,640.05K,-5.20%
9/5/2022,276.7,279.1,281.2,273.5,258.97K,-0.79%
9/4/2022,278.9,277.7,280.3,275.1,193.40K,0.40%
9/3/2022,277.8,277.2,278.6,274.4,148.60K,0.11%
9/2/2022,277.5,278.4,283.1,274.1,321.41K,-0.29%
9/1/2022,278.3,279.2,280.3,270.8,415.21K,-0.29%
8/31/2022,279.1,281.7,289.8,277.7,388.76K,-0.85%
8/30/2022,281.5,285.9,292,276.8,436.74K,-1.54%
8/29/2022,285.9,276.4,286.6,272.4,481.78K,3.40%
8/28/2022,276.5,277.9,284,275.8,312.79K,-0.47%
8/27/2022,277.8,279.3,284.5,274.3,413.30K,-0.61%
8/26/2022,279.5,301.1,301.6,277.2,594.77K,-7.24%
8/25/2022,301.3,296.2,306.7,296,398.63K,1.65%
8/24/2022,296.4,299.4,300.1,294.5,344.16K,-0.90%
8/23/2022,299.1,299.9,301.6,293.9,403.43K,-0.37%
8/22/2022,300.2,302,304.4,288.9,638.83K,-0.50%
8/21/2022,301.7,283.8,303.9,283.6,528.13K,6.31%
8/20/2022,283.8,279.6,289,277.2,513.12K,1.68%
8/19/2022,279.1,297.9,298.1,278,870.30K,-6.37%
8/18/2022,298.1,306.5,310.4,295.9,409.05K,-2.87%
8/17/2022,306.9,316.1,323.6,304.7,504.24K,-2.91%
8/16/2022,316.1,319.3,322.3,312.4,370.98K,-1.06%
8/15/2022,319.5,317.7,327.1,313.9,455.92K,0.63%
8/14/2022,317.5,324.1,331,316,378.41K,-2.04%
8/13/2022,324.1,328.4,332.8,323,405.06K,-1.19%
8/12/2022,328,323.7,328,318.1,384.69K,1.36%
8/11/2022,323.6,328.8,334.6,322.1,549.68K,-1.58%
8/10/2022,328.8,324.4,336.6,313.8,831.14K,1.36%
8/9/2022,324.4,324.7,328.1,312.5,500.57K,-0.18%
8/8/2022,325,322.7,333.5,321.2,580.62K,0.68%
8/7/2022,322.8,315.2,325.3,308.7,415.06K,2.48%
8/6/2022,315,315.8,322.6,313,394.28K,-0.28%
8/5/2022,315.9,311.8,321.4,308.1,641.96K,1.41%
8/4/2022,311.5,297.5,313.1,297.3,808.48K,4.71%
8/3/2022,297.5,283.9,305.5,278.3,686.18K,4.83%
8/2/2022,283.8,283.4,290.8,274.7,627.58K,0.11%
8/1/2022,283.5,283.4,290.4,278.1,493.85K,0.00%
7/31/2022,283.5,287.4,296.9,282.2,564.74K,-1.49%
7/30/2022,287.8,293.6,299.9,285.1,683.09K,-1.98%
7/29/2022,293.6,277.5,301.5,274.9,1.08M,5.92%
7/28/2022,277.2,271.7,280.5,263.9,669.81K,2.06%
7/27/2022,271.6,249.5,271.9,247.6,656.78K,8.95%
7/26/2022,249.3,244.8,249.3,239.7,365.24K,1.88%
7/25/2022,244.7,261.3,262.6,244.7,458.60K,-6.42%
7/24/2022,261.5,259.2,266,257.3,333.93K,0.89%
7/23/2022,259.2,262.5,272.3,252.9,488.37K,-1.14%
7/22/2022,262.2,265.6,271.3,261.2,508.58K,-1.24%
7/21/2022,265.5,258.1,265.9,250.8,545.63K,2.79%
7/20/2022,258.3,268.6,272,256.7,770.98K,-3.83%
7/19/2022,268.6,264.2,274.5,256,947.57K,1.51%
7/18/2022,264.6,247.9,265.3,247.7,746.13K,6.78%
7/17/2022,247.8,250,255.5,246.6,436.55K,-0.80%
7/16/2022,249.8,238.5,251,234,423.41K,4.78%
7/15/2022,238.4,238.5,242.5,235.6,446.87K,0.00%
7/14/2022,238.4,230.4,239.8,227.1,577.52K,3.38%
7/13/2022,230.6,220.8,230.9,216.7,714.59K,4.53%
7/12/2022,220.6,224.7,228.3,220.3,410.22K,-2.26%
7/11/2022,225.7,234.8,234.9,225.3,419.13K,-3.79%
7/10/2022,234.6,243.3,243.5,231.9,396.49K,-3.62%
7/9/2022,243.4,240.7,244.9,240.7,268.11K,1.08%
7/8/2022,240.8,241.8,247,237.2,643.68K,-0.29%
7/7/2022,241.5,238.3,243.7,235.4,488.21K,1.26%
7/6/2022,238.5,230.8,239.8,229,644.95K,3.20%
7/5/2022,231.1,231.4,236.6,223.1,685.21K,-0.09%
7/4/2022,231.3,219.3,232.1,215.1,514.26K,5.52%
7/3/2022,219.2,218.4,219.9,214.2,361.12K,0.46%
7/2/2022,218.2,216.9,219.7,213.9,342.90K,0.65%
7/1/2022,216.8,219.7,226.8,213.6,817.72K,-1.19%
6/30/2022,219.4,219.8,220.2,205.9,787.77K,-0.14%
6/29/2022,219.7,226.9,229.7,215.7,711.99K,-3.26%
6/28/2022,227.1,233.8,242.3,226,632.42K,-2.82%
6/27/2022,233.7,233.9,240.8,230.4,483.59K,-0.13%
6/26/2022,234,239.9,245,233.4,456.78K,-2.38%
6/25/2022,239.7,240.3,241.9,230,491.02K,-0.21%
6/24/2022,240.2,228.9,243.1,228.4,707.28K,4.98%
6/23/2022,228.8,214.2,230.2,214.2,783.97K,6.87%
6/22/2022,214.1,220,220.8,211.4,690.25K,-2.73%
6/21/2022,220.1,216.5,228.4,213.3,829.22K,1.62%
6/20/2022,216.6,215.1,218.7,204.9,880.21K,0.74%
6/19/2022,215,197.3,216.5,189.8,1.10M,9.08%
6/18/2022,197.1,215.6,218.9,184.1,1.40M,-8.62%
6/17/2022,215.7,210.8,221.8,207.9,690.80K,2.67%
6/16/2022,210.1,233.7,236.8,207.9,975.66K,-10.10%
6/15/2022,233.7,223,234.5,199,2.11M,4.75%
6/14/2022,223.1,222.5,231.2,204.6,1.92M,0.18%
6/13/2022,222.7,255.1,257.7,213.9,2.38M,-12.63%
6/12/2022,254.9,270,271.8,251.2,827.76K,-5.49%
6/11/2022,269.7,286.4,290.4,265.6,584.42K,-5.80%
6/10/2022,286.3,289.8,297.4,283.2,817.45K,-1.24%
6/9/2022,289.9,288.5,293.4,286.4,335.50K,0.52%
6/8/2022,288.4,290,294.6,284.1,509.51K,-0.65%
6/7/2022,290.3,295.1,295.7,274.2,969.78K,-1.66%
6/6/2022,295.2,299.4,312.1,288.5,758.55K,-1.27%
6/5/2022,299,301.2,302.4,295,269.69K,-0.80%
6/4/2022,301.4,298.6,302.8,295.2,293.51K,0.90%
6/3/2022,298.7,308.4,310.2,293.5,469.09K,-3.15%
6/2/2022,308.4,300.5,309.2,298.4,477.62K,2.63%
6/1/2022,300.5,321,324.3,297.7,817.96K,-6.33%
5/31/2022,320.8,321.8,324.6,313.6,701.83K,-0.31%
5/30/2022,321.8,305.7,323.7,304.1,1.01M,5.20%
5/29/2022,305.9,307.6,308,299,519.50K,-0.55%
5/28/2022,307.6,301.4,310.3,297.1,601.76K,2.02%
5/27/2022,301.5,302.8,309.5,291.4,1.46M,-0.56%
5/26/2022,303.2,326.3,331.6,298.3,1.54M,-6.94%
5/25/2022,325.8,328.1,337.4,324.5,1.06M,-0.76%
5/24/2022,328.3,317.2,330.2,313.5,1.09M,3.56%
5/23/2022,317,319.3,337,315.5,1.02M,-0.72%
5/22/2022,319.3,312.5,323.4,311.7,640.50K,2.21%
5/21/2022,312.4,302.4,314.1,299.5,470.78K,3.34%
5/20/2022,302.3,307,315.9,294.4,918.13K,-1.50%
5/19/2022,306.9,288.7,308.9,287.1,685.82K,6.71%
5/18/2022,287.6,305.9,308.3,287.1,731.08K,-6.04%
5/17/2022,306.1,297.3,310.6,296.8,703.32K,3.06%
5/16/2022,297,312.4,312.4,290.4,966.53K,-4.87%
5/15/2022,312.2,297.2,312.6,285.9,774.40K,5.15%
5/14/2022,296.9,291.2,299.4,272.4,1.09M,2.06%
5/13/2022,290.9,269,313.1,265.6,1.91M,8.34%
5/12/2022,268.5,271.7,284.7,220,4.50M,-0.89%
5/11/2022,270.9,318.9,322.7,261.5,3.39M,-15.08%
5/10/2022,319,297.3,332.4,289.8,2.16M,7.66%
5/9/2022,296.3,355.8,359.3,296.3,2.14M,-16.75%
5/8/2022,355.9,365.3,366.9,350.6,785.18K,-2.63%
5/7/2022,365.5,379.2,380.6,360.6,554.87K,-3.59%
5/6/2022,379.1,378.5,383.1,370.6,702.45K,0.13%
5/5/2022,378.6,402.6,412.8,374.7,1.22M,-5.94%
5/4/2022,402.5,383.9,403.1,382.9,599.01K,4.87%
5/3/2022,383.8,389.8,392.2,379.9,388.28K,-1.46%
5/2/2022,389.5,389.9,392.4,382.4,455.05K,-0.10%
5/1/2022,389.9,376.9,391.3,376,564.29K,3.42%
4/30/2022,377,393.2,399.8,376.7,574.76K,-4.07%
4/29/2022,393,407.2,410.6,390.1,694.90K,-3.49%
4/28/2022,407.2,391,408.4,388.5,946.13K,4.06%
4/27/2022,391.3,385.7,394.6,383.6,567.38K,1.40%
4/26/2022,385.9,404.7,407.3,381.2,629.51K,-4.55%
4/25/2022,404.3,398.7,405.4,383,849.84K,1.35%
4/24/2022,398.9,401.2,405.4,397.8,322.90K,-0.55%
4/23/2022,401.1,406.6,408,398.6,339.30K,-1.35%
4/22/2022,406.6,404.9,413.8,403.5,563.84K,0.40%
4/21/2022,405,418.2,425.8,401.7,771.80K,-3.18%
4/20/2022,418.3,421.7,431.1,415.2,677.20K,-0.92%
4/19/2022,422.2,417,424.5,414.8,567.80K,1.30%
4/18/2022,416.8,406.5,418,396.4,628.58K,2.46%
4/17/2022,406.8,417.7,418.2,405.7,302.48K,-2.47%
4/16/2022,417.1,417.3,418.7,411.7,237.49K,-0.02%
4/15/2022,417.2,414.5,420,412.7,331.60K,0.60%
4/14/2022,414.7,423.6,426.9,411.6,464.18K,-1.99%
4/13/2022,423.1,413.8,424.5,410.6,630.09K,2.27%
4/12/2022,413.7,394.6,416.6,392.6,729.79K,4.95%
4/11/2022,394.2,418,419.6,391.9,856.45K,-5.65%
4/10/2022,417.8,426.7,429.4,417.5,386.61K,-2.13%
4/9/2022,426.9,421.3,428.2,419.8,356.88K,1.26%
4/8/2022,421.6,436.4,440.7,418.9,684.61K,-3.37%
4/7/2022,436.3,419.7,438.5,416.9,717.67K,3.83%
4/6/2022,420.2,444.4,444.4,418.5,928.99K,-5.49%
4/5/2022,444.6,447.9,460,444.3,761.75K,-0.74%
4/4/2022,447.9,450.5,450.5,433.6,736.69K,-0.53%
4/3/2022,450.3,437.5,455.7,432.3,676.30K,3.09%
4/2/2022,436.8,447.7,454,436,827.86K,-2.41%
4/1/2022,447.6,429.3,447.6,413.5,967.17K,4.38%
3/31/2022,428.8,441.8,452.1,424.5,957.95K,-2.99%
3/30/2022,442,434.2,449.2,425.8,768.82K,1.77%
3/29/2022,434.3,430.1,441.6,429.7,630.83K,1.05%
3/28/2022,429.8,430.5,440.8,428.3,719.05K,-0.21%
3/27/2022,430.7,415.8,431.4,411.8,490.99K,3.51%
3/26/2022,416.1,410.2,416.4,407.5,280.16K,1.44%
3/25/2022,410.2,414,421.5,405.6,609.74K,-0.99%
3/24/2022,414.3,408.4,416.5,405.4,598.34K,1.47%
3/23/2022,408.3,404.2,411.6,398.4,535.68K,1.01%
3/22/2022,404.2,396,409.9,395,609.04K,2.04%
3/21/2022,396.1,390.9,399.2,385.6,541.63K,1.36%
3/20/2022,390.8,399.9,400.6,386.4,399.00K,-2.30%
3/19/2022,400,397.3,406.1,395.1,460.09K,0.70%
3/18/2022,397.2,392.3,400,384.1,216.40M,1.35%
3/17/2022,391.9,385.6,393.2,381.8,220.67M,1.71%
3/16/2022,385.3,371.7,386.5,368.1,252.39M,3.69%
3/15/2022,371.6,373.9,374.6,362.3,162.51M,-0.46%
3/14/2022,373.3,361.4,373.9,359.8,171.92M,3.24%
3/13/2022,361.6,372,377.1,360.2,157.40M,-2.90%
3/12/2022,372.4,371.6,379.2,371.3,151.31M,0.13%
3/11/2022,371.9,372,379.7,364.9,189.82M,-0.05%
3/10/2022,372.1,393.1,394.5,363.2,296.41M,-5.34%
3/9/2022,393.1,381.4,402.3,381.1,399.48M,2.96%
3/8/2022,381.8,381,387.9,377.2,247.89M,0.18%
3/7/2022,381.1,375.1,385.5,363.2,356.40M,1.63%
3/6/2022,375,384.7,387.2,372.9,185.73M,-2.52%
3/5/2022,384.7,374.2,387.2,367.8,171.59M,2.72%
3/4/2022,374.5,402.5,403.4,372.1,294.10M,-6.98%
3/3/2022,402.6,409.2,413.1,397.6,576.99K,-1.61%
3/2/2022,409.2,409,415.6,403.9,788.45K,0.15%
3/1/2022,408.6,396.2,420.3,391,1.40M,3.29%
2/28/2022,395.6,360,397.1,356,773.06K,9.92%
2/27/2022,359.9,373.6,380.9,358.2,677.50K,-3.67%
2/26/2022,373.6,375.2,385.6,370.6,548.68K,-0.35%
2/25/2022,374.9,361.2,376.9,357.1,783.27K,3.82%
2/24/2022,361.1,365.5,369.8,323.9,1.95M,-1.26%
2/23/2022,365.7,374.5,383.8,365.6,698.37K,-2.27%
2/22/2022,374.2,357.2,374.9,349.3,940.50K,4.96%
2/21/2022,356.5,380.6,393.6,355,1.22M,-6.26%
2/20/2022,380.3,399.7,400,375.4,624.16K,-4.85%
2/19/2022,399.7,399.2,406.3,393.2,410.21K,0.13%
2/18/2022,399.2,402.3,411,392.9,612.67K,-0.94%
2/17/2022,403,427.7,431,400.2,661.85K,-5.71%
2/16/2022,427.4,432.3,433.3,422.8,606.29K,-1.11%
2/15/2022,432.2,403.6,441.2,402.7,1.18M,7.11%
2/14/2022,403.5,398.7,404.2,390.6,472.26K,1.43%
2/13/2022,397.8,403.4,407,394.9,388.61K,-1.34%
2/12/2022,403.2,399.6,406.9,393.6,521.26K,0.75%
2/11/2022,400.2,414.6,418.8,392.9,700.82K,-3.54%
2/10/2022,414.9,422.9,434.7,410.5,956.17K,-1.87%
2/9/2022,422.8,408.1,427.3,407.3,633.93K,3.70%
2/8/2022,407.7,433.8,444.9,406.4,1.15M,-5.91%
2/7/2022,433.3,420.6,438.6,413.6,758.25K,3.17%
2/6/2022,420,413.8,421.3,407.8,542.63K,1.45%
2/5/2022,414,399.2,430.9,396.6,1.03M,3.63%
2/4/2022,399.5,372.4,399.5,369.6,850.45K,7.42%
2/3/2022,371.9,367.1,371.9,359.8,494.97K,1.31%
2/2/2022,367.1,384.6,386.1,366.3,574.35K,-4.45%
2/1/2022,384.2,374.3,388,374,554.59K,2.67%
1/31/2022,374.2,377.3,385.2,365.6,620.06K,-0.87%
1/30/2022,377.5,389.3,389.5,372.8,536.40K,-3.03%
1/29/2022,389.3,386.1,396.9,381.2,534.54K,0.85%
1/28/2022,386,389.6,395.2,376.2,752.93K,-1.03%
1/27/2022,390,374.5,393,360.1,962.06K,4.03%
1/26/2022,374.9,385.2,401.3,366.4,1.07M,-2.60%
1/25/2022,384.9,371.2,388,357.8,1.01M,3.58%
1/24/2022,371.6,383.8,383.8,336.8,1.90M,-3.25%
1/23/2022,384.1,358.2,388.9,356.6,1.30M,7.20%
1/22/2022,358.3,383.2,389,337.6,2.64M,-6.77%
1/21/2022,384.3,440.2,444.3,375,1.89M,-12.74%
1/20/2022,440.4,462,478.3,438.5,1.14M,-4.74%
1/19/2022,462.3,472,472.8,454.1,585.54K,-1.89%
1/18/2022,471.2,475.5,479.3,457.5,707.39K,-0.80%
1/17/2022,475,498.5,499,467.4,757.73K,-4.71%
1/16/2022,498.5,494.1,505.6,488.9,507.15K,0.81%
1/15/2022,494.5,490.1,500.8,485.3,548.63K,0.92%
1/14/2022,490,475.2,492.1,468.3,797.15K,3.14%
1/13/2022,475.1,487.7,488.9,467.1,908.24K,-2.44%
1/12/2022,487,462.8,489.6,456.7,834.70K,5.07%
1/11/2022,463.5,424.8,467.5,421.5,1.27M,9.11%
1/10/2022,424.8,438.5,445.4,407.7,1.22M,-3.15%
1/9/2022,438.6,429.8,444.4,427.3,688.89K,2.17%
1/8/2022,429.3,448.5,459.3,417.1,1.06M,-4.15%
1/7/2022,447.9,473.1,473.7,438.2,1.33M,-5.29%
1/6/2022,472.9,473.8,481.3,459.4,986.96K,-0.15%
1/5/2022,473.6,507.7,515.8,459.1,984.69K,-6.59%
1/4/2022,507,512.2,520,502.4,687.43K,-0.92%
1/3/2022,511.7,531,532.6,510.2,663.26K,-3.69%
1/2/2022,531.3,527.4,533.6,518.4,404.56K,0.74%
1/1/2022,527.4,511.6,527.5,511.6,446.16K,3.07%
12/31/2021,511.7,517.5,528.1,507.1,677.86K,-1.31%
12/30/2021,518.5,514.8,527.6,508.8,639.34K,0.78%
12/29/2021,514.5,535,540.4,511.2,740.12K,-3.69%
12/28/2021,534.2,563,563.3,529.3,1.00M,-5.22%
12/27/2021,563.6,546.5,571.6,543.3,803.49K,3.13%
12/26/2021,546.5,547.4,549.2,536.4,536.33K,-0.15%
12/25/2021,547.3,542.1,550.4,539.7,455.66K,1.02%
12/24/2021,541.8,549,554.1,538,665.68K,-1.26%
12/23/2021,548.7,533.5,552.3,524.7,844.26K,2.87%
12/22/2021,533.4,528.3,544.5,527.4,721.67K,0.93%
12/21/2021,528.5,524.9,535.2,517.5,686.76K,0.99%
12/20/2021,523.3,529.6,534.6,506.3,727.32K,-1.25%
12/19/2021,529.9,533.8,544.2,527.5,540.35K,-0.80%
12/18/2021,534.2,525.9,537.7,516.7,580.37K,1.58%
12/17/2021,525.9,526,535.4,511.3,921.85K,-0.02%
12/16/2021,526,541.7,545,525.3,735.44K,-2.79%
12/15/2021,541.1,528.2,546.2,502.1,1.15M,2.42%
12/14/2021,528.3,521,535.7,510.2,1.26M,1.42%
12/13/2021,520.9,570.1,572.1,512.1,1.04M,-8.69%
12/12/2021,570.5,564.9,574,559.5,544.95K,1.30%
12/11/2021,563.2,551.8,572.1,542.3,951.11K,1.92%
12/10/2021,552.6,570.3,594.9,551.5,1.08M,-3.19%
12/9/2021,570.8,607.7,616.2,567.9,1.10M,-5.95%
12/8/2021,606.9,578.7,607.5,567.5,1.11M,4.87%
12/7/2021,578.7,587.8,593.4,572.3,1.02M,-1.68%
12/6/2021,588.6,557.9,592.6,533.3,2.01M,5.56%
12/5/2021,557.6,568.8,581.8,542.7,1.26M,-1.93%
12/4/2021,568.6,594.9,595.9,495.2,2.61M,-4.37%
12/3/2021,594.6,620.1,627.8,576.9,1.25M,-4.13%
12/2/2021,620.2,626.7,629.7,605.6,1.10M,-1.13%
12/1/2021,627.3,622.7,649.6,618.7,1.38M,0.93%
11/30/2021,621.5,624.5,634.5,603.7,1.38M,-0.34%
11/29/2021,623.6,611.9,628.6,602,1.09M,1.96%
11/28/2021,611.6,598.9,612.6,574,1.28M,1.88%
11/27/2021,600.3,587.5,621.2,584.3,1.18M,2.14%
11/26/2021,587.7,639.2,657.7,564.6,2.41M,-8.00%
11/25/2021,638.8,590.9,646.5,587.7,1.54M,8.16%
11/24/2021,590.6,591.1,593.9,577.4,1.08M,-0.12%
11/23/2021,591.3,559.3,604.8,558.3,1.20M,5.65%
11/22/2021,559.7,584.3,584.7,554.3,1.14M,-4.36%
11/21/2021,585.2,604.6,604.9,580.1,970.17K,-3.16%
11/20/2021,604.3,580.7,604.7,573.6,1.12M,4.01%
11/19/2021,581,532.6,585.4,524.7,1.30M,9.23%
11/18/2021,531.9,578.2,587.9,517.1,1.75M,-8.02%
11/17/2021,578.3,589.2,592.5,554.6,1.45M,-1.80%
11/16/2021,588.9,633.8,634.5,574,2.20M,-7.04%
11/15/2021,633.5,651.5,659.2,631.3,954.07K,-2.66%
11/14/2021,650.8,649.9,660.2,634.8,933.71K,0.20%
11/13/2021,649.5,627.8,654.7,620.8,900.09K,3.61%
11/12/2021,626.9,627.9,634.5,603.9,1.01M,-0.30%
11/11/2021,628.8,614.1,634.8,606,1.02M,2.28%
11/10/2021,614.8,634.4,662.6,575.7,1.81M,-3.17%
11/9/2021,634.9,653.6,656.7,632.1,879.13K,-2.89%
11/8/2021,653.8,649.5,655.5,631.7,1.29M,0.66%
11/7/2021,649.5,637.7,668.8,630.9,1.48M,2.07%
11/6/2021,636.3,607.1,636.3,596,1.36M,4.78%
11/5/2021,607.3,559.6,614.6,554.4,1.99M,8.70%
11/4/2021,558.7,568.5,568.7,543.8,1.05M,-1.71%
11/3/2021,568.4,554.3,569.9,537.6,1.26M,2.54%
11/2/2021,554.3,551.2,563.7,537.6,1.15M,0.51%
11/1/2021,551.5,525.3,551.9,511.8,1.27M,5.13%
10/31/2021,524.6,529.3,534.9,509.3,1.02M,-0.68%
10/30/2021,528.2,530.4,540.3,512.2,1.10M,-0.25%
10/29/2021,529.5,492.1,533.6,489,1.41M,7.60%
10/28/2021,492.1,448.9,494.7,446.6,1.52M,9.67%
10/27/2021,448.7,478.2,486.3,438.5,1.37M,-6.13%
10/26/2021,478,484.9,489.6,474.2,702.62K,-1.42%
10/25/2021,484.9,475.7,488.6,474.8,632.11K,1.91%
10/24/2021,475.8,485.6,486.4,468,591.04K,-1.98%
10/23/2021,485.4,479.2,485.4,472.9,522.39K,1.38%
10/22/2021,478.8,470.9,497.9,470.9,1.12M,1.63%
10/21/2021,471.1,501.3,504.8,467.3,1.85M,-5.99%
10/20/2021,501.1,488.1,505.6,482.4,946.05K,2.66%
10/19/2021,488.1,484.9,497.4,481.1,912.95K,0.64%
10/18/2021,485,470.9,487.2,467.2,1.09M,3.04%
10/17/2021,470.7,465.8,472.4,455.9,889.88K,1.20%
10/16/2021,465.1,474.8,484.4,462.5,1.04M,-1.94%
10/15/2021,474.3,472.7,477.4,452.9,1.51M,0.40%
10/14/2021,472.4,471,482.6,461.8,1.43M,0.43%
10/13/2021,470.4,443.9,471.6,434.1,3.38M,5.85%
10/12/2021,444.4,413,444.4,392.5,1.97M,7.50%
10/11/2021,413.4,403.7,423.9,400.4,759.89K,2.28%
10/10/2021,404.2,422.2,422.2,402.4,729.36K,-4.15%
10/9/2021,421.7,419.7,425.9,416.5,632.35K,0.72%
10/8/2021,418.7,438.2,441.6,416,1.51M,-4.45%
10/7/2021,438.2,435,449.9,424.1,1.16M,0.78%
10/6/2021,434.8,442.1,442.8,414.9,1.25M,-1.67%
10/5/2021,442.2,426.4,443.9,424.2,883.63K,3.68%
10/4/2021,426.5,430.5,430.9,411.6,974.42K,-0.88%
10/3/2021,430.3,427,436.9,422.4,821.01K,0.73%
10/2/2021,427.2,420.6,438,410.8,1.04M,1.40%
10/1/2021,421.3,387.9,423.3,381.8,1.44M,8.69%
9/30/2021,387.6,367.6,388.5,366.5,1.16M,5.47%
9/29/2021,367.5,332.9,375,331.6,1.70M,10.39%
9/28/2021,332.9,335.2,344.4,330,922.41K,-0.72%
9/27/2021,335.3,343.8,357.5,335.3,956.61K,-2.70%
9/26/2021,344.6,349.5,352.6,320.1,1.54M,-1.40%
9/25/2021,349.5,355,360.5,343.7,916.87K,-1.58%
9/24/2021,355.1,383.5,385,334.6,1.72M,-7.43%
9/23/2021,383.6,378.8,384.5,369.2,993.85K,1.27%
9/22/2021,378.8,344.7,379.9,342.4,1.09M,10.34%
9/21/2021,343.3,364.2,375.7,337.3,1.58M,-5.58%
9/20/2021,363.6,408.9,409.6,355.3,1.87M,-10.97%
9/19/2021,408.4,410.5,419,403.4,743.18K,-0.56%
9/18/2021,410.7,407,419.9,401.6,733.27K,1.11%
9/17/2021,406.2,424.7,425.8,401.4,844.04K,-4.24%
9/16/2021,424.2,431.4,434,416,1.04M,-1.62%
9/15/2021,431.2,414.4,436.4,410.1,1.18M,4.08%
9/14/2021,414.3,399.1,414.3,396.1,930.33K,3.83%
9/13/2021,399,416.3,419.4,385.3,1.53M,-4.32%
9/12/2021,417,404.5,421.3,398,981.36K,2.94%
9/11/2021,405.1,401.6,415.1,399.5,922.65K,1.00%
9/10/2021,401.1,421.3,438.9,393.9,1.53M,-4.77%
9/9/2021,421.2,415.2,435.6,404.1,1.54M,1.59%
9/8/2021,414.6,418.7,425.5,383.7,2.06M,-0.65%
9/7/2021,417.3,496.1,504.6,373.9,3.36M,-15.88%
9/6/2021,496.1,505.2,508.9,487.8,1.12M,-1.67%
9/5/2021,504.5,497.2,505.2,488.9,877.96K,1.43%
9/4/2021,497.4,487.9,509.8,485.6,1.25M,1.82%
9/3/2021,488.5,483.6,494.5,473.4,1.09M,0.99%
9/2/2021,483.7,489,504.6,478.1,1.25M,-1.16%
9/1/2021,489.4,463.1,490,455.5,1.32M,5.41%
8/31/2021,464.3,459.3,477.1,452.5,1.48M,0.91%
8/30/2021,460.1,479.4,480.9,457.4,1.13M,-4.11%
8/29/2021,479.8,486.3,495.5,476.8,910.78K,-1.28%
8/28/2021,486,494.6,496.8,482.7,891.98K,-1.72%
8/27/2021,494.5,478.2,494.9,467.5,1.55M,3.50%
8/26/2021,477.8,503.11,518.6,472.7,2.23M,-5.10%
8/25/2021,503.46,471.42,506.85,470.1,2.24M,6.64%
8/24/2021,472.1,498.63,504.06,461.27,2.08M,-5.54%
8/23/2021,499.8,448.43,508.85,447,2.66M,11.40%
8/22/2021,448.67,448.62,458.25,438.01,1.14M,0.01%
8/21/2021,448.63,454.9,459.99,444.8,1.43M,-1.37%
8/20/2021,454.88,431.11,457.55,421.97,1.69M,5.44%
8/19/2021,431.41,397.21,431.44,391.06,1.85M,8.82%
8/18/2021,396.44,401.58,412.08,386.62,1.75M,-1.37%
8/17/2021,401.96,415.57,435.65,399.37,1.98M,-3.39%
8/16/2021,416.08,414.67,436.65,411.04,1.85M,0.48%
8/15/2021,414.1,409.13,414.9,396.63,1.24M,1.27%
8/14/2021,408.91,410.82,418.79,400.44,1.44M,-0.48%
8/13/2021,410.9,385.94,411.04,383,1.26M,6.59%
8/12/2021,385.51,390.8,406.11,371.8,1.84M,-1.52%
8/11/2021,391.48,371.81,408.19,371.11,1.91M,5.26%
8/10/2021,371.91,354.31,376.22,348.95,1.66M,4.91%
8/9/2021,354.49,342.1,357.35,333.52,1.29M,3.70%
8/8/2021,341.83,356.41,359.79,337.08,1.28M,-4.03%
8/7/2021,356.18,342.32,359.6,340.65,1.55M,4.12%
8/6/2021,342.08,337.94,347.01,331.42,1.27M,1.23%
8/5/2021,337.91,334.99,339.98,323.71,1.26M,0.90%
8/4/2021,334.9,323.42,337.05,319.97,969.68K,3.62%
8/3/2021,323.2,330.4,334.64,317.66,1.06M,-2.32%
8/2/2021,330.86,332.55,338.11,326.38,1.02M,-0.57%
8/1/2021,332.77,332.38,347.47,329.71,1.51M,0.10%
7/31/2021,332.44,323.34,337.98,317.6,1.39M,3.03%
7/30/2021,322.66,317.06,325.27,306.72,1.30M,1.88%
7/29/2021,316.72,313.63,319.99,309,999.16K,0.93%
7/28/2021,313.79,313.24,318.65,308.53,1.31M,0.03%
7/27/2021,313.7,303.84,318.24,298.54,1.68M,3.11%
7/26/2021,304.24,302.88,327.93,301.2,2.58M,0.55%
7/25/2021,302.58,302.55,303.09,292.87,1.08M,-0.18%
7/24/2021,303.14,299.86,305.04,296.22,1.58M,1.42%
7/23/2021,298.91,293.28,301.15,281.67,1.64M,1.83%
7/22/2021,293.54,293.21,297.66,287.59,1.17M,0.15%
7/21/2021,293.09,264.41,298.79,261.53,1.74M,10.76%
7/20/2021,264.61,280.07,283.26,255.73,1.80M,-5.66%
7/19/2021,280.49,302.01,303.46,279.37,1.32M,-7.18%
7/18/2021,302.19,300.45,309.01,299.7,815.37K,0.61%
7/17/2021,300.35,302.88,306.4,295.11,1.03M,-0.83%
7/16/2021,302.86,315.95,323.19,301.87,1.46M,-4.02%
7/15/2021,315.56,309.22,324.2,301.95,2.19M,1.96%
7/14/2021,309.48,309,313.29,290.98,1.43M,0.17%
7/13/2021,308.97,315.91,318.15,305.35,930.12K,-2.26%
7/12/2021,316.11,321.7,334.34,308.8,1.32M,-1.79%
7/11/2021,321.87,316.48,326.55,312.31,799.61K,1.83%
7/10/2021,316.09,317.2,321.21,310.81,818.91K,-0.20%
7/9/2021,316.72,302.27,319.45,302.27,1.11M,1.97%
7/8/2021,310.59,326.02,328.21,307,1.64M,-5.21%
7/7/2021,327.67,318.93,339.32,318.93,1.78M,3.44%
7/6/2021,316.77,302.07,318.78,302.07,2.05M,4.89%
7/5/2021,302,306.72,306.72,294.73,1.40M,-1.91%
7/4/2021,307.88,306.55,314,303.27,1.31M,2.88%
7/3/2021,299.26,287.2,299.95,284.56,956.68K,4.13%
7/2/2021,287.38,287.69,287.69,277.71,1.00M,-0.09%
7/1/2021,287.64,303.39,303.39,285.87,1.39M,-5.14%
6/30/2021,303.23,300.25,303.65,284.2,2.06M,1.15%
6/29/2021,299.79,290.71,312.82,290.71,2.12M,3.44%
6/28/2021,289.83,290.93,296.01,285.24,1.88M,-0.36%
6/27/2021,290.89,279.5,290.89,272.64,1.54M,4.09%
6/26/2021,279.46,280.77,287.47,268.23,2.26M,-0.60%
6/25/2021,281.15,308.58,312.51,281.15,2.71M,-8.79%
6/24/2021,308.26,295.4,314.39,283.2,2.63M,4.09%
6/23/2021,296.16,261.07,299.06,261.07,3.32M,13.28%
6/22/2021,261.45,273,287.82,242.7,5.57M,-3.83%
6/21/2021,271.85,340.05,340.05,271.85,3.73M,-19.83%
6/20/2021,339.1,334.21,339.74,318.58,1.62M,1.50%
6/19/2021,334.1,336.57,342.05,332.84,1.07M,-0.78%
6/18/2021,336.71,352.55,354.93,332.21,1.58M,-4.52%
6/17/2021,352.66,347.37,360,347.37,1.24M,1.59%
6/16/2021,347.15,366.43,366.43,347.15,1.53M,-5.35%
6/15/2021,366.78,370.2,376.27,366.42,1.55M,-0.89%
6/14/2021,370.09,367.43,373.26,359.43,1.98M,1.16%
6/13/2021,365.83,343.99,366,333.11,1.96M,6.58%
6/12/2021,343.24,345.57,346.41,330.82,2.07M,-0.63%
6/11/2021,345.42,352.42,363.65,343.05,2.22M,-1.70%
6/10/2021,351.4,375.57,375.57,351.4,2.42M,-6.36%
6/9/2021,375.27,351.32,375.27,336.47,3.49M,6.44%
6/8/2021,352.57,355.82,359.68,329.37,4.99M,-1.55%
6/7/2021,358.11,394.13,406.03,358.11,3.03M,-8.92%
6/6/2021,393.2,390.05,398.9,386.72,1.86M,0.79%
6/5/2021,390.1,391.74,420.52,387.62,3.98M,-0.13%
6/4/2021,390.62,428.57,428.57,369.8,4.93M,-8.64%
6/3/2021,427.55,401.2,427.55,398.66,4.21M,6.59%
6/2/2021,401.1,364.57,412.41,355.2,4.38M,10.69%
6/1/2021,362.37,353.59,362.37,346.74,3.65M,2.44%
5/31/2021,353.73,323.46,353.73,311.26,4.11M,8.65%
5/30/2021,325.58,305.3,333.93,297.2,3.74M,6.83%
5/29/2021,304.77,328.97,342.49,299.37,3.76M,-7.46%
5/28/2021,329.33,369.9,369.9,319.62,5.25M,-10.36%
5/27/2021,367.39,378.11,383.6,347.67,4.28M,-3.11%
5/26/2021,379.2,343.85,379.2,343.85,5.34M,10.30%
5/25/2021,343.78,344.2,353.59,318.24,7.64M,-0.49%
5/24/2021,345.46,261.09,345.46,261.09,7.79M,32.05%
5/23/2021,261.61,299.33,306.37,223.77,8.80M,-12.57%
5/22/2021,299.23,324.57,332,288.92,5.30M,-8.34%
5/21/2021,326.47,391.13,408.43,300.74,8.83M,-16.87%
5/20/2021,392.72,340,412.24,313.67,8.12M,17.24%
5/19/2021,334.98,509.67,509.67,326.84,11.50M,-34.10%
5/18/2021,508.31,512.52,530.6,499.27,2.72M,-0.68%
5/17/2021,511.78,562.6,562.6,500.61,4.03M,-9.16%
5/16/2021,563.37,565.01,603.14,537.49,2.94M,0.09%
5/15/2021,562.84,601.83,606.5,562.84,2.26M,-6.57%
5/14/2021,602.42,569.46,610.15,569.46,2.19M,5.35%
5/13/2021,571.81,590.27,622.86,555.57,5.50M,-2.32%
5/12/2021,585.38,670.01,679.99,585.38,2.81M,-12.84%
5/11/2021,671.62,630.5,671.62,626.04,2.64M,6.32%
5/10/2021,631.68,661.47,684.83,619.87,3.07M,-4.53%
5/9/2021,661.64,645.86,673.56,637.04,2.34M,2.39%
5/8/2021,646.17,624.14,650,623.07,2.19M,3.55%
5/7/2021,623.99,633.92,634.24,614.55,1.98M,-1.58%
5/6/2021,634,651.43,651.56,629,2.07M,-2.59%
5/5/2021,650.85,627.45,650.85,627.45,2.27M,4.82%
5/4/2021,620.95,677.41,677.41,620.95,3.76M,-8.16%
5/3/2021,676.12,621.65,676.12,621.65,2.87M,8.71%
5/2/2021,621.96,619.41,626.81,606.45,2.07M,0.33%
5/1/2021,619.91,622.83,638.15,618.24,2.43M,-0.55%
4/30/2021,623.31,600.06,623.31,598.74,3.43M,3.89%
4/29/2021,599.95,563.24,605.06,563.24,4.34M,6.65%
4/28/2021,562.52,569.03,573.61,550.88,2.38M,-1.11%
4/27/2021,568.84,532.48,568.84,529.7,2.81M,6.27%
4/26/2021,535.26,504.87,541.71,504.87,3.10M,6.15%
4/25/2021,504.26,497.91,511.82,487.73,2.49M,1.36%
4/24/2021,497.52,526.56,526.56,491.53,3.00M,-5.51%
4/23/2021,526.54,505,526.54,473.8,6.86M,4.11%
4/22/2021,505.74,545.51,577.56,505.74,6.38M,-6.91%
4/21/2021,543.28,588.67,594.46,543.28,5.69M,-7.53%
4/20/2021,587.5,505.68,587.5,488.16,5.73M,16.56%
4/19/2021,504.01,481.42,532.79,481.42,5.03M,4.68%
4/18/2021,481.46,516.41,516.41,442.2,4.47M,-6.54%
4/17/2021,515.13,509.96,540.59,509.96,2.95M,1.35%
4/16/2021,508.27,542.25,542.42,508.27,4.19M,-6.28%
4/15/2021,542.32,549.56,550.26,539.62,2.32M,-1.33%
4/14/2021,549.63,553.5,580.99,536.89,4.21M,-0.09%
4/13/2021,550.14,596.62,596.62,544.93,5.45M,-8.11%
4/12/2021,598.69,526.91,598.69,520.9,9.28M,13.91%
4/11/2021,525.59,471.57,525.59,467.04,3.64M,11.29%
4/10/2021,472.26,453.84,481.68,452.7,4.66M,4.14%
4/9/2021,453.5,418.61,453.5,409.23,3.67M,8.57%
4/8/2021,417.71,375.98,421.41,375.98,4.09M,11.25%
4/7/2021,375.48,403.65,410.64,368.12,6.18M,-6.75%
4/6/2021,402.68,368.43,405.23,366.57,4.48M,9.61%
4/5/2021,367.38,349.28,373.99,338.19,3.49M,5.15%
4/4/2021,349.37,319.25,351.6,319.25,2.72M,8.53%
4/3/2021,321.91,338.87,348.44,321.91,3.10M,-4.83%
4/2/2021,338.27,335.7,353.31,333.29,4.21M,1.18%
4/1/2021,334.33,303.03,334.33,303.03,4.39M,10.64%
3/31/2021,302.18,310.47,311.66,293.23,4.72M,-2.96%
3/30/2021,311.41,275.32,311.41,272,5.53M,13.19%
3/29/2021,275.13,268.54,275.79,267.22,2.73M,2.32%
3/28/2021,268.9,270.77,278.75,263.87,3.27M,-0.15%
3/27/2021,269.32,255.33,272.76,252.17,3.09M,5.62%
3/26/2021,254.99,234.37,254.99,234.37,2.64M,9.00%
3/25/2021,233.94,248.54,248.54,230.3,3.50M,-5.89%
3/24/2021,248.59,254.73,267.49,248.13,3.27M,-2.68%
3/23/2021,255.43,254.86,261.1,254,2.59M,0.15%
3/22/2021,255.04,265.17,269.59,255.04,3.26M,-3.67%
3/21/2021,264.75,263.26,267.42,259.1,1.97M,0.13%
3/20/2021,264.41,262.56,270.21,262.56,2.38M,0.48%
3/19/2021,263.15,261.51,267,261.51,2.26M,0.71%
3/18/2021,261.3,270.93,275.99,261.3,3.15M,-3.17%
3/17/2021,269.85,258.38,269.85,250.06,2.86M,4.48%
3/16/2021,258.29,255.03,258.29,246.96,3.01M,1.60%
3/15/2021,254.22,264.49,266.36,254.22,3.36M,-3.80%
3/14/2021,264.27,276.24,276.24,264.27,2.43M,-4.21%
3/13/2021,275.89,263.06,280.39,259.69,3.90M,4.73%
3/12/2021,263.43,290.22,290.22,259.22,5.91M,-9.18%
3/11/2021,290.07,279.7,292.8,274.57,6.60M,4.29%
3/10/2021,278.13,294.67,294.67,273.71,6.01M,-5.08%
3/9/2021,293,240.41,293,236.9,7.94M,21.77%
3/8/2021,240.61,239.76,242.28,231.14,3.05M,0.24%
3/7/2021,240.04,226.6,240.04,226.6,3.52M,6.09%
3/6/2021,226.27,225.83,228.91,222.56,2.66M,0.27%
3/5/2021,225.67,229.37,229.37,218.74,3.65M,-1.76%
3/4/2021,229.71,240.61,243.63,228.82,4.00M,-4.63%
3/3/2021,240.85,239.18,251.39,239.18,4.28M,0.58%
3/2/2021,239.46,254.95,254.95,232.8,5.38M,-5.99%
3/1/2021,254.73,211.22,255.58,211.22,7.91M,21.27%
2/28/2021,210.05,223.52,226.58,199.3,5.68M,-6.88%
2/27/2021,225.56,221.54,230.64,221.54,4.19M,1.55%
2/26/2021,222.11,234.29,234.44,212.25,7.41M,-4.96%
2/25/2021,233.69,254.12,257.2,233.69,6.87M,-8.09%
2/24/2021,254.27,229.87,275.56,226.37,11.78M,9.73%
2/23/2021,231.72,268.51,268.51,206.15,15.88M,-13.36%
2/22/2021,267.46,295.13,295.13,246.49,12.61M,-8.97%
2/21/2021,293.8,254.92,298.78,254.92,10.65M,15.48%
2/20/2021,254.41,334.13,334.13,254.41,13.49M,-23.54%
2/19/2021,332.73,196.29,332.73,196.29,20.19M,69.97%
2/18/2021,195.76,166.18,197.15,165.96,11.23M,18.37%
2/17/2021,165.38,129.83,170.58,128.37,10.18M,27.12%
2/16/2021,130.1,129.48,131.31,128.07,3.26M,0.07%
2/15/2021,130,135.86,135.86,121.19,4.77M,-4.40%
2/14/2021,135.99,133.62,137.9,129.83,4.41M,2.18%
2/13/2021,133.09,137.38,137.38,128.27,3.79M,-2.62%
2/12/2021,136.67,124.42,136.67,122.92,5.63M,10.18%
2/11/2021,124.04,129.3,129.3,120.24,5.92M,-3.62%
2/10/2021,128.71,107.96,146.74,107.96,16.61M,19.61%
2/9/2021,107.61,79.99,109.22,78.68,12.49M,34.97%
2/8/2021,79.73,68.15,79.73,68.15,7.86M,16.56%
2/7/2021,68.4,72.86,73.62,66.73,5.97M,-5.75%
2/6/2021,72.57,67.46,74.81,64.97,8.48M,7.10%
2/5/2021,67.76,56.15,68.26,56.15,5.04M,21.18%
2/4/2021,55.92,52.24,56.89,52.24,4.00M,7.28%
2/3/2021,52.12,50.91,52.3,50.22,2.95M,2.21%
2/2/2021,50.99,51.34,52.26,49.95,4.67M,-0.81%
2/1/2021,51.41,44.23,51.41,44,6.10M,15.98%
1/31/2021,44.33,44.8,45.25,43.65,2.43M,-0.96%
1/30/2021,44.76,42.89,45.01,42.89,2.77M,4.40%
1/29/2021,42.87,42.49,43.98,42.4,3.44M,0.93%
1/28/2021,42.48,40.71,42.69,40.71,2.98M,3.65%
1/27/2021,40.98,41.84,41.84,40.57,2.65M,-1.77%
1/26/2021,41.72,41.46,41.98,40.28,2.76M,-0.14%
1/25/2021,41.78,41.86,43.05,41.34,2.77M,-0.12%
1/24/2021,41.83,40.86,42.05,40.86,2.34M,2.22%
1/23/2021,40.92,40.67,41.47,39.95,2.54M,0.12%
1/22/2021,40.87,38.69,41.02,37.79,3.08M,5.61%
1/21/2021,38.69,42.6,42.6,38.69,3.46M,-9.11%
1/20/2021,42.57,42.54,42.63,41.01,3.71M,-0.11%
1/19/2021,42.62,45.36,45.49,42.48,5.15M,-6.03%
1/18/2021,45.36,46.13,46.45,44.21,3.07M,-1.20%
1/17/2021,45.9,42.92,46.24,41.35,3.88M,6.51%
1/16/2021,43.1,40.91,43.75,40.91,3.25M,5.33%
1/15/2021,40.92,41.91,42.1,40.17,3.43M,-2.31%
1/14/2021,41.88,40.09,41.88,39.94,3.31M,4.38%
1/13/2021,40.12,38.25,40.12,37.82,3.51M,4.88%
1/12/2021,38.26,38.13,39.44,37.84,3.26M,0.24%
1/11/2021,38.17,42.39,42.39,35.6,6.37M,-10.05%
1/10/2021,42.43,43.96,44.66,41.14,4.28M,-3.15%
1/9/2021,43.81,42.39,43.92,41.71,2.72M,3.51%
1/8/2021,42.33,43.52,43.52,41.63,3.56M,-3.04%
1/7/2021,43.65,42.31,44.12,41.73,5.02M,3.35%
1/6/2021,42.24,41.73,42.24,40.82,3.78M,1.07%
1/5/2021,41.79,41.02,41.79,39.68,3.51M,1.67%
1/4/2021,41.1,41.37,42.35,39.63,5.30M,-0.28%
1/3/2021,41.22,38.22,41.22,37.98,4.90M,7.78%
1/2/2021,38.24,37.66,38.78,37.1,3.02M,1.37%
1/1/2021,37.73,37.36,38.64,37.07,2.43M,1.06%
12/31/2020,37.33,38.17,38.17,36.8,1.89M,-1.99%
12/30/2020,38.09,39.13,39.13,37.09,2.42M,-2.59%
12/29/2020,39.1,35.97,39.1,35.97,7.02M,8.81%
12/28/2020,35.94,33.64,35.94,33.64,4.12M,6.83%
12/27/2020,33.64,33.6,34.58,33.23,3.75M,0.17%
12/26/2020,33.58,33.2,33.63,32.92,2.42M,1.21%
12/25/2020,33.18,32.5,33.26,32.32,2.60M,2.04%
12/24/2020,32.52,31.19,32.52,30.75,3.00M,4.24%
12/23/2020,31.19,33.47,34.34,31.19,3.94M,-6.98%
12/22/2020,33.53,32.05,33.53,31.72,3.57M,4.26%
12/21/2020,32.16,34.18,35.59,31.58,4.55M,-6.14%
12/20/2020,34.27,33.28,35.19,33.28,4.48M,2.90%
12/19/2020,33.3,30.92,33.95,30.92,4.12M,7.58%
12/18/2020,30.96,30.2,30.96,30.2,2.04M,2.44%
12/17/2020,30.22,30.48,31.29,30.2,3.27M,-1.14%
12/16/2020,30.57,29.5,30.58,29.1,2.16M,3.55%
12/15/2020,29.52,30.05,30.05,29.42,1.62M,-1.70%
12/14/2020,30.03,29.11,30.03,28.79,2.03M,3.07%
12/13/2020,29.13,28.17,29.19,28.16,1.64M,3.53%
12/12/2020,28.14,27.31,28.14,27.31,1.30M,2.97%
12/11/2020,27.33,27.72,27.72,27.02,1.25M,-1.20%
12/10/2020,27.66,28.16,28.16,27.59,1.34M,-1.75%
12/9/2020,28.15,27.66,28.26,27.46,1.64M,1.72%
12/8/2020,27.68,29.34,29.35,27.61,1.84M,-5.75%
12/7/2020,29.36,29.49,29.53,29.28,1.23M,-0.46%
12/6/2020,29.5,29.69,29.69,29.17,1.33M,-0.78%
12/5/2020,29.73,29,29.86,29,1.83M,2.44%
12/4/2020,29.02,30.67,30.67,29.02,2.06M,-5.45%
12/3/2020,30.7,30.25,30.7,30.03,1.92M,1.33%
12/2/2020,30.3,30.07,30.58,30.07,2.37M,0.56%
12/1/2020,30.13,31.49,31.85,30.09,3.14M,-4.35%
11/30/2020,31.5,30.1,31.5,30.05,2.97M,4.65%
11/29/2020,30.1,29.12,30.25,29,2.86M,3.25%
11/28/2020,29.15,28.48,29.42,28.09,2.64M,2.45%
11/27/2020,28.46,28.23,28.59,27.72,2.32M,0.85%
11/26/2020,28.22,31.21,31.5,27.31,6.24M,-9.83%
11/25/2020,31.29,33.85,34.71,31.29,4.59M,-7.77%
11/24/2020,33.93,31,33.93,31,7.29M,9.52%
11/23/2020,30.98,30.06,30.98,29.88,2.92M,3.13%
11/22/2020,30.04,30.54,30.54,29.57,2.84M,-1.50%
11/21/2020,30.5,28.9,30.5,28.54,3.16M,5.33%
11/20/2020,28.95,28.13,29.1,28.13,2.49M,3.12%
11/19/2020,28.08,28.11,28.24,27.8,2.02M,0.05%
11/18/2020,28.06,28.52,28.55,27.7,2.22M,-1.73%
11/17/2020,28.56,27.95,28.67,27.95,2.24M,2.11%
11/16/2020,27.97,27.62,28.14,27.61,1.69M,1.09%
11/15/2020,27.66,27.95,28.04,27.21,1.44M,-0.91%
11/14/2020,27.92,28.13,28.14,27.53,1.50M,-1.00%
11/13/2020,28.2,27.65,28.38,27.58,1.94M,1.79%
11/12/2020,27.7,28.01,28.01,27.46,1.66M,-1.02%
11/11/2020,27.99,28.21,28.28,27.99,1.97M,-0.78%
11/10/2020,28.21,27.94,28.22,27.74,2.17M,0.43%
11/9/2020,28.09,28.41,28.86,27.94,2.15M,-1.03%
11/8/2020,28.38,27.63,28.53,27.63,2.30M,2.27%
11/7/2020,27.75,29.02,29.79,27.61,3.09M,-4.53%
11/6/2020,29.07,27.69,29.08,27.69,2.74M,4.96%
11/5/2020,27.69,26.98,27.84,26.86,2.40M,2.79%
11/4/2020,26.94,26.89,26.94,26.27,2.04M,0.26%
11/3/2020,26.87,27.75,27.75,26.44,2.59M,-3.33%
11/2/2020,27.8,28.55,28.76,27.8,2.13M,-2.50%
11/1/2020,28.51,28.42,28.51,28.16,1.91M,0.00%
10/31/2020,28.51,28.51,28.75,28.37,1.98M,0.09%
10/30/2020,28.49,29.84,29.97,27.87,3.21M,-4.61%
10/29/2020,29.86,30.33,30.33,29.86,1.98M,-1.54%
10/28/2020,30.33,31.47,31.7,30.19,2.21M,-3.67%
10/27/2020,31.49,31.03,31.98,31.03,2.89M,1.43%
10/26/2020,31.04,30.09,31.22,30.09,2.65M,2.96%
10/25/2020,30.15,30.59,30.7,30.07,1.49M,-1.59%
10/24/2020,30.64,30.57,30.81,30.57,1.62M,0.00%
10/23/2020,30.63,30.59,31.03,30.29,2.03M,-0.03%
10/22/2020,30.65,29.72,31.04,29.72,2.83M,3.04%
10/21/2020,29.74,28.73,30.06,28.73,2.66M,3.34%
10/20/2020,28.78,29.92,30.05,28.63,2.58M,-3.80%
10/19/2020,29.92,30.59,30.59,29.92,1.75M,-2.43%
10/18/2020,30.66,30.19,30.77,30.19,2.27M,1.44%
10/17/2020,30.23,30.04,30.48,30.04,1.86M,0.74%
10/16/2020,30.01,31.24,31.67,29.95,2.97M,-4.15%
10/15/2020,31.3,30.84,31.31,30.84,2.68M,1.50%
10/14/2020,30.84,30.64,31.05,30.43,2.47M,0.38%
10/13/2020,30.73,30.52,31.34,30.52,3.34M,0.23%
10/12/2020,30.66,28.52,30.82,28.52,4.36M,7.47%
10/11/2020,28.52,28.41,28.56,28.09,2.34M,0.51%
10/10/2020,28.38,28.4,29.11,28.33,2.40M,0.00%
10/9/2020,28.38,27.72,28.44,27.57,2.59M,2.51%
10/8/2020,27.69,27.68,27.69,26.76,2.48M,-0.05%
10/7/2020,27.7,27.65,27.73,27.21,2.06M,0.04%
10/6/2020,27.69,28.62,28.98,27.63,2.81M,-3.07%
10/5/2020,28.57,28.93,29.15,28.36,2.27M,-1.56%
10/4/2020,29.02,28.1,29.02,28.1,3.10M,2.97%
10/3/2020,28.19,27.3,28.19,27.3,2.95M,3.24%
10/2/2020,27.3,27.45,27.71,26.37,4.14M,-0.68%
10/1/2020,27.49,29.27,29.27,27.36,4.05M,-6.09%
9/30/2020,29.27,28.85,29.27,28.25,3.11M,1.66%
9/29/2020,28.79,26.94,28.79,26.94,3.64M,6.69%
9/28/2020,26.99,26.26,27.69,26.26,3.22M,2.89%
9/27/2020,26.23,26.13,26.6,25.98,2.56M,0.11%
9/26/2020,26.2,24.72,26.2,24.56,3.12M,6.16%
9/25/2020,24.68,24.55,24.81,24.09,2.83M,0.42%
9/24/2020,24.58,22.81,24.58,22.81,3.29M,7.76%
9/23/2020,22.81,24.05,24.05,22.68,3.13M,-5.11%
9/22/2020,24.04,23.07,24.19,23.07,3.30M,4.44%
9/21/2020,23.01,26.07,26.48,23.01,5.25M,-12.55%
9/20/2020,26.32,27.14,27.14,26.01,2.85M,-3.26%
9/19/2020,27.2,27.46,27.46,26.68,2.43M,-1.74%
9/18/2020,27.68,27.1,28.07,26.88,4.25M,2.31%
9/17/2020,27.06,27.78,27.84,26.42,4.62M,-2.72%
9/16/2020,27.82,27.14,27.87,26.24,5.78M,2.59%
9/15/2020,27.11,30.94,30.94,27.11,7.95M,-12.85%
9/14/2020,31.11,31.15,33,29.52,9.03M,-0.16%
9/13/2020,31.17,28.32,31.48,28.32,10.64M,9.33%
9/12/2020,28.51,25.4,28.51,25.4,6.54M,12.17%
9/11/2020,25.41,24.44,25.41,23.41,3.62M,3.57%
9/10/2020,24.54,24.52,25.24,24.22,4.20M,0.16%
9/9/2020,24.5,23.23,24.5,22.72,4.02M,5.45%
9/8/2020,23.23,22.49,23.23,21.82,5.16M,3.49%
9/7/2020,22.45,23.11,23.11,20.45,5.46M,-3.16%
9/6/2020,23.18,19.37,23.18,19.14,8.11M,19.06%
9/5/2020,19.47,20.95,21.2,18.63,4.59M,-7.09%
9/4/2020,20.95,20.33,21.45,20.33,5.33M,3.12%
9/3/2020,20.32,24.72,25.22,20.32,7.21M,-17.73%
9/2/2020,24.7,24.73,25.35,24.09,5.88M,-0.08%
9/1/2020,24.72,23.15,25.03,22.96,4.44M,6.83%
8/31/2020,23.14,23.66,23.72,23.14,1.77M,-2.09%
8/30/2020,23.63,22.99,23.74,22.99,1.91M,3.02%
8/29/2020,22.94,23.1,23.41,22.88,1.85M,-0.52%
8/28/2020,23.06,23.15,23.43,22.79,2.55M,-0.20%
8/27/2020,23.11,22.2,23.11,22.06,2.93M,4.06%
8/26/2020,22.21,21.39,22.36,21.39,2.50M,3.77%
8/25/2020,21.4,22.59,22.59,21.03,2.27M,-5.32%
8/24/2020,22.6,21.86,22.75,21.86,1.88M,3.55%
8/23/2020,21.83,22.2,22.2,21.58,1.62M,-1.69%
8/22/2020,22.2,22.1,22.2,21.55,1.89M,0.65%
8/21/2020,22.06,23.09,23.16,22.02,2.50M,-4.37%
8/20/2020,23.06,22.39,23.15,22.18,2.24M,3.22%
8/19/2020,22.35,22.98,22.98,22.05,2.13M,-2.91%
8/18/2020,23.02,23.46,23.59,22.92,2.53M,-2.08%
8/17/2020,23.5,23.53,23.74,23.12,2.42M,0.06%
8/16/2020,23.49,23.09,23.62,23.01,2.72M,2.11%
8/15/2020,23,23.18,23.65,23,2.74M,-0.45%
8/14/2020,23.11,21.84,23.18,21.43,3.82M,6.10%
8/13/2020,21.78,21.49,21.78,20.77,3.08M,1.34%
8/12/2020,21.49,21.31,21.88,20.89,2.46M,1.14%
8/11/2020,21.25,22.65,22.65,21.01,3.21M,-6.09%
8/10/2020,22.63,22.4,22.63,22.35,2.11M,0.79%
8/9/2020,22.45,22.91,22.91,22.21,2.11M,-2.07%
8/8/2020,22.92,22.27,22.92,22.01,2.41M,2.59%
8/7/2020,22.35,22.72,22.95,22.03,2.77M,-1.76%
8/6/2020,22.75,23.28,23.28,22.75,2.45M,-2.28%
8/5/2020,23.28,22.31,23.32,22.2,3.69M,4.39%
8/4/2020,22.3,22.05,22.37,21.77,2.39M,1.06%
8/3/2020,22.06,21,22.37,21,2.67M,5.00%
8/2/2020,21.01,21.62,21.92,20.22,3.36M,-2.83%
8/1/2020,21.62,20.71,21.62,20.71,2.66M,4.61%
7/31/2020,20.67,19.96,20.68,19.96,2.24M,3.44%
7/30/2020,19.99,19.76,20.02,19.66,2.06M,0.83%
7/29/2020,19.82,20.17,20.22,19.82,2.23M,-1.71%
7/28/2020,20.17,19.76,20.36,19.73,3.52M,1.84%
7/27/2020,19.8,19.55,19.8,18.74,3.84M,1.25%
7/26/2020,19.56,19.77,20.19,19.47,2.86M,-1.25%
7/25/2020,19.8,19.19,19.81,19.19,2.96M,3.23%
7/24/2020,19.18,18.75,19.35,18.39,2.79M,2.25%
7/23/2020,18.76,18.09,18.76,18.09,2.39M,3.63%
7/22/2020,18.1,17.71,18.1,17.59,2.17M,2.17%
7/21/2020,17.72,17.44,17.88,17.44,2.11M,1.42%
7/20/2020,17.47,18.03,18.2,17.45,2.49M,-2.98%
7/19/2020,18.01,17.15,18.01,16.93,2.60M,5.13%
7/18/2020,17.13,17.06,17.22,16.94,1.69M,0.31%
7/17/2020,17.08,17.15,17.37,17.04,1.86M,-0.45%
7/16/2020,17.15,17.65,17.65,16.81,2.05M,-2.71%
7/15/2020,17.63,18.07,18.07,17.48,1.96M,-2.57%
7/14/2020,18.1,18.35,18.41,17.97,2.38M,-1.77%
7/13/2020,18.42,18.31,18.77,17.99,3.23M,0.65%
7/12/2020,18.3,17.61,18.38,17.61,2.99M,3.87%
7/11/2020,17.62,17.33,17.62,17.2,2.32M,1.86%
7/10/2020,17.3,16.84,17.3,16.59,2.10M,2.74%
7/9/2020,16.84,17.28,17.28,16.65,1.87M,-2.45%
7/8/2020,17.26,16.81,17.4,16.81,2.27M,2.73%
7/7/2020,16.8,16.3,16.8,16.17,1.88M,3.08%
7/6/2020,16.3,15.5,16.3,15.5,1.61M,5.11%
7/5/2020,15.51,15.55,15.61,15.29,1.12M,-0.32%
7/4/2020,15.56,15.28,15.62,15.23,1.32M,1.83%
7/3/2020,15.28,15.36,15.49,15.26,1.21M,-0.50%
7/2/2020,15.36,15.8,15.96,15.09,1.40M,-2.90%
7/1/2020,15.81,15.39,15.88,15.34,1.61M,2.60%
6/30/2020,15.41,15.49,15.54,15.26,1.31M,-0.30%
6/29/2020,15.46,15.38,15.59,15.21,1.51M,0.41%
6/28/2020,15.4,15.12,15.49,14.93,1.40M,1.74%
6/27/2020,15.13,15.76,15.87,14.84,1.31M,-4.03%
6/26/2020,15.77,15.89,16,15.58,1.04M,-0.88%
6/25/2020,15.91,15.99,16.08,15.51,1.20M,-0.58%
6/24/2020,16,16.38,16.64,15.98,1.53M,-2.36%
6/23/2020,16.39,16.5,16.54,16.28,1.45M,-0.67%
6/22/2020,16.5,15.98,16.53,15.96,1.71M,3.32%
6/21/2020,15.97,16.07,16.31,15.95,1.32M,-0.55%
6/20/2020,16.06,15.91,16.09,15.7,1.43M,0.61%
6/19/2020,15.96,16.15,16.28,15.9,1.32M,-1.20%
6/18/2020,16.16,16.39,16.53,15.9,1.38M,-1.48%
6/17/2020,16.4,16.44,16.62,16.01,1.50M,-0.18%
6/16/2020,16.43,16.39,16.62,16.16,1.61M,0.30%
6/15/2020,16.38,16.56,16.6,15.54,1.52M,-1.09%
6/14/2020,16.56,16.81,16.84,16.42,1.70M,-1.49%
6/13/2020,16.81,16.64,16.81,16.5,2.02M,1.02%
6/12/2020,16.64,16.21,16.77,16.1,1.93M,2.62%
6/11/2020,16.22,17.41,17.51,16,1.80M,-6.83%
6/10/2020,17.41,17.34,17.57,17.26,1.81M,0.19%
6/9/2020,17.37,17.44,17.51,17.14,1.63M,-0.26%
6/8/2020,17.42,17.42,17.53,17.27,1.66M,0.00%
6/7/2020,17.42,17.54,17.63,16.9,1.82M,-0.73%
6/6/2020,17.55,17.6,17.79,17.51,2.11M,-0.83%
6/5/2020,17.69,17.51,17.88,17.45,2.45M,0.96%
6/4/2020,17.52,17.6,17.65,17.08,2.32M,-0.14%
6/3/2020,17.55,17.27,17.63,17.04,2.65M,1.54%
6/2/2020,17.28,17.95,18.2,16.77,2.54M,-3.58%
6/1/2020,17.93,17.08,18.1,16.99,2.99M,4.73%
5/31/2020,17.12,17.75,18.17,16.87,2.61M,-3.47%
5/30/2020,17.73,17.02,17.78,16.93,2.97M,4.28%
5/29/2020,17,17.12,17.18,16.69,2.60M,-0.38%
5/28/2020,17.07,16.45,17.14,16.4,2.87M,3.68%
5/27/2020,16.46,16.21,16.5,16.16,2.61M,1.52%
5/26/2020,16.22,16.39,16.48,15.96,2.01M,-0.99%
5/25/2020,16.38,15.97,16.41,15.87,2.36M,2.30%
5/24/2020,16.01,16.46,16.79,16.01,2.27M,-2.78%
5/23/2020,16.47,16.59,16.84,16.33,2.30M,-0.76%
5/22/2020,16.6,16.08,16.89,15.92,2.52M,3.14%
5/21/2020,16.09,16.9,17.05,15.76,2.16M,-4.76%
5/20/2020,16.9,17.2,17.33,16.54,2.40M,-1.80%
5/19/2020,17.2,16.63,17.23,16.3,3.25M,3.45%
5/18/2020,16.63,16.27,16.85,16.25,3.12M,2.02%
5/17/2020,16.3,16.01,16.5,16.01,2.89M,1.51%
5/16/2020,16.06,15.71,16.23,15.59,2.73M,2.26%
5/15/2020,15.7,16.35,16.47,15.58,2.31M,-4.12%
5/14/2020,16.38,16.21,16.69,16.03,2.80M,0.98%
5/13/2020,16.22,15.71,16.34,15.68,2.81M,2.84%
5/12/2020,15.77,15.08,16.22,14.98,3.03M,4.12%
5/11/2020,15.15,15.36,15.54,14.14,2.73M,-1.48%
5/10/2020,15.37,16.77,16.78,14.02,2.91M,-8.57%
5/9/2020,16.82,17.13,17.49,16.82,2.23M,-1.89%
5/8/2020,17.14,17.02,17.4,16.83,2.62M,0.88%
5/7/2020,16.99,16.31,17.24,16.16,3.03M,3.70%
5/6/2020,16.38,16.88,17.13,16.33,2.72M,-2.99%
5/5/2020,16.89,17.05,17.29,16.61,2.61M,-0.78%
5/4/2020,17.02,17.08,17.28,16.32,2.76M,-0.51%
5/3/2020,17.11,17.54,17.79,16.87,2.62M,-2.44%
5/2/2020,17.53,17.38,17.57,17.3,3.01M,0.43%
5/1/2020,17.46,16.95,17.85,16.95,3.80M,2.60%
4/30/2020,17.02,17.37,18.12,16.5,4.13M,-2.15%
4/29/2020,17.39,16.36,17.51,16.3,3.82M,6.42%
4/28/2020,16.34,16.42,16.49,16.14,2.84M,-0.49%
4/27/2020,16.42,16.4,16.56,16.08,2.94M,0.36%
4/26/2020,16.36,16.2,16.44,16.1,3.32M,0.84%
4/25/2020,16.23,15.93,16.39,15.78,2.95M,2.02%
4/24/2020,15.91,16.05,16.25,15.72,3.01M,-0.92%
4/23/2020,16.05,15.69,16.39,15.43,3.45M,2.17%
4/22/2020,15.71,15.14,15.8,14.92,3.30M,3.99%
4/21/2020,15.11,14.99,15.44,14.73,3.14M,1.02%
4/20/2020,14.96,16.07,16.45,14.87,3.22M,-6.86%
4/19/2020,16.06,16.61,16.68,15.87,2.97M,-3.36%
4/18/2020,16.62,15.64,16.8,15.64,3.96M,6.32%
4/17/2020,15.63,15.68,15.92,15.26,3.15M,-0.58%
4/16/2020,15.72,14.55,15.76,14.14,4.07M,7.90%
4/15/2020,14.57,15.55,15.86,14.51,3.80M,-6.68%
4/14/2020,15.61,15.05,15.95,14.78,4.52M,3.94%
4/13/2020,15.02,14.21,15.07,13.67,4.31M,5.18%
4/12/2020,14.28,13.8,14.82,13.65,4.07M,3.41%
4/11/2020,13.81,13.72,14.08,13.54,3.69M,0.65%
4/10/2020,13.72,15.01,15.07,13.48,4.00M,-8.59%
4/9/2020,15.01,15.07,15.2,14.68,4.63M,-0.58%
4/8/2020,15.1,14.72,15.34,14.58,4.61M,2.52%
4/7/2020,14.73,15.17,15.49,14.26,4.72M,-3.00%
4/6/2020,15.18,13.67,15.19,13.64,5.58M,10.91%
4/5/2020,13.69,13.79,13.96,13.41,4.28M,-0.53%
4/4/2020,13.76,13.37,14.05,13.18,4.84M,2.87%
4/3/2020,13.38,13.01,13.56,12.93,5.03M,2.61%
4/2/2020,13.04,12.72,13.67,12.54,5.33M,2.64%
4/1/2020,12.7,12.57,12.72,11.98,4.36M,1.20%
3/31/2020,12.55,12.12,12.72,12.12,5.12M,3.41%
3/30/2020,12.14,11.32,12.38,11.27,4.24M,7.37%
3/29/2020,11.3,12.2,12.24,11.3,2.31M,-7.31%
3/28/2020,12.19,12.32,12.35,11.68,2.48M,-1.12%
3/27/2020,12.33,13.2,13.36,12.18,2.78M,-6.62%
3/26/2020,13.21,12.34,13.25,12.2,3.44M,7.14%
3/25/2020,12.33,12.4,12.69,12.08,3.61M,-0.73%
3/24/2020,12.42,12.19,12.57,11.92,4.63M,1.89%
3/23/2020,12.19,11.11,12.43,10.85,5.29M,9.05%
3/22/2020,11.18,12.09,12.45,11.05,4.56M,-7.64%
3/21/2020,12.1,11.92,12.42,11.28,5.81M,1.56%
3/20/2020,11.91,12.25,13.62,10.5,6.97M,-2.85%
3/19/2020,12.26,10.4,12.65,10.25,5.85M,18.02%
3/18/2020,10.39,10.31,10.42,9.67,4.45M,0.92%
3/17/2020,10.3,9.55,10.47,9.35,5.10M,9.48%
3/16/2020,9.41,10.39,10.39,8.49,5.82M,-9.41%
3/15/2020,10.38,10.15,11.22,9.99,6.42M,2.48%
3/14/2020,10.13,10.9,11.23,9.89,5.35M,-7.32%
3/13/2020,10.93,9.28,11.36,6.4,11.66M,17.75%
3/12/2020,9.28,16.56,16.6,9,8.80M,-43.96%
3/11/2020,16.56,16.83,17.12,15.43,2.58M,-1.64%
3/10/2020,16.84,16.6,17.44,16.35,3.45M,1.45%
3/9/2020,16.6,16.91,17.47,15.63,4.05M,-1.83%
3/8/2020,16.91,20.24,20.24,16.75,3.47M,-16.48%
3/7/2020,20.24,21.34,21.44,19.73,2.38M,-5.19%
3/6/2020,21.35,20.69,21.75,20.69,3.23M,2.80%
3/5/2020,20.77,19.94,21.44,19.94,3.09M,4.11%
3/4/2020,19.95,19.73,20.25,19.53,2.41M,1.34%
3/3/2020,19.69,19.87,20.38,19.32,2.55M,-1.16%
3/2/2020,19.92,18.9,20.07,18.78,3.27M,5.16%
3/1/2020,18.94,19.23,19.89,18.5,2.39M,-1.63%
2/29/2020,19.25,19.03,20.28,18.83,3.57M,1.26%
2/28/2020,19.01,19.17,19.76,17.95,3.10M,-0.89%
2/27/2020,19.18,18.67,19.64,17.74,3.02M,2.48%
2/26/2020,18.72,20.3,20.5,18.05,3.77M,-7.93%
2/25/2020,20.33,22.1,22.1,20.16,2.34M,-7.87%
2/24/2020,22.07,22.82,23.24,21.5,2.30M,-3.45%
2/23/2020,22.86,21.94,22.94,21.94,3.05M,4.07%
2/22/2020,21.96,22.16,22.33,21.53,2.14M,-1.00%
2/21/2020,22.19,22.16,22.85,21.8,2.99M,0.12%
2/20/2020,22.16,22.34,22.64,21.08,2.37M,-0.73%
2/19/2020,22.32,24.08,24.32,21.83,2.16M,-7.31%
2/18/2020,24.08,23.47,24.46,22.81,3.01M,2.78%
2/17/2020,23.43,23.29,23.58,21.58,3.21M,0.19%
2/16/2020,23.39,24.24,25.25,21.81,3.75M,-3.52%
2/15/2020,24.24,26.36,26.47,23.53,3.36M,-8.10%
2/14/2020,26.37,25.44,26.5,25.04,3.25M,3.58%
2/13/2020,25.46,26.43,27.18,24.68,3.64M,-3.63%
2/12/2020,26.42,25.68,26.89,25.36,2.96M,2.87%
2/11/2020,25.68,25.11,25.73,24.17,3.51M,2.32%
2/10/2020,25.1,24.39,25.78,23.35,4.79M,3.09%
2/9/2020,24.35,21.78,24.37,21.78,2.85M,11.74%
2/8/2020,21.79,22.03,22.19,20.91,2.21M,-1.22%
2/7/2020,22.06,20.66,22.52,20.52,3.19M,6.74%
2/6/2020,20.67,19.23,20.83,19.05,2.80M,7.30%
2/5/2020,19.26,18.18,19.45,18.16,2.07M,5.94%
2/4/2020,18.18,18.46,18.62,17.87,1.22M,-1.50%
2/3/2020,18.46,18.42,18.85,18.2,1.32M,0.21%
2/2/2020,18.42,18.25,18.77,17.89,1.56M,0.84%
2/1/2020,18.27,18.28,18.59,18.04,1.51M,0.20%
1/31/2020,18.23,18.56,18.85,17.81,1.65M,-1.77%
1/30/2020,18.56,17.89,18.7,17.7,1.79M,3.61%
1/29/2020,17.91,18.06,18.44,17.84,1.45M,-0.62%
1/28/2020,18.03,17.68,18.15,17.47,1.91M,2.01%
1/27/2020,17.67,17.48,17.9,17.23,1.56M,1.07%
1/26/2020,17.48,16.91,17.48,16.85,1.62M,3.10%
1/25/2020,16.96,17.11,17.11,16.57,1.21M,-0.45%
1/24/2020,17.03,17.08,17.44,16.45,1.41M,-0.21%
1/23/2020,17.07,17.83,17.83,16.75,1.36M,-4.27%
1/22/2020,17.83,18.11,18.4,17.6,1.61M,-1.55%
1/21/2020,18.11,17.31,18.2,17.23,1.92M,4.60%
1/20/2020,17.32,17.39,17.55,16.82,1.58M,-0.25%
1/19/2020,17.36,17.77,18.48,16.67,2.13M,-2.46%
1/18/2020,17.8,18.04,18.35,17.47,1.90M,-1.56%
1/17/2020,18.08,17.04,18.44,17.04,2.74M,6.01%
1/16/2020,17.06,17.63,17.67,16.33,1.84M,-3.33%
1/15/2020,17.65,16.53,18.17,16.28,3.04M,5.99%
1/14/2020,16.65,15.17,16.91,15.17,2.71M,9.75%
1/13/2020,15.17,15.34,15.36,14.93,1.52M,-1.04%
1/12/2020,15.33,14.92,15.45,14.81,2.04M,2.59%
1/11/2020,14.94,15.04,15.32,14.75,1.40M,-0.83%
1/10/2020,15.07,14.38,15.09,14.11,1.57M,4.91%
1/9/2020,14.36,14.53,14.58,14.21,1.07M,-1.12%
1/8/2020,14.53,15.01,15.31,14.2,1.50M,-3.26%
1/7/2020,15.02,14.97,15.17,14.46,1.46M,0.46%
1/6/2020,14.95,14.05,14.99,14.02,1.63M,6.53%
1/5/2020,14.03,13.8,14.31,13.8,1.46M,1.60%
1/4/2020,13.81,13.64,13.87,13.53,1.23M,1.17%
1/3/2020,13.65,13.01,13.75,12.98,1.46M,4.91%
1/2/2020,13.01,13.71,13.73,12.99,971.73K,-5.01%
1/1/2020,13.7,13.71,13.86,13.65,939.31K,-0.13%
12/31/2019,13.72,13.86,14.05,13.64,971.77K,-1.00%
12/30/2019,13.85,14.08,14.37,13.78,1.26M,-1.84%
12/29/2019,14.11,13.68,14.2,13.59,1.61M,3.19%
12/28/2019,13.68,13.28,13.72,13.26,1.36M,2.93%
12/27/2019,13.29,13.12,13.29,12.97,1.11M,1.10%
12/26/2019,13.14,13.08,13.55,13.04,1.06M,0.57%
12/25/2019,13.07,13.34,13.35,12.91,923.56K,-2.03%
12/24/2019,13.34,13.3,13.59,13.23,1.31M,0.15%
12/23/2019,13.32,13.78,13.94,13.22,1.23M,-3.34%
12/22/2019,13.78,13.29,13.81,13.27,1.51M,3.67%
12/21/2019,13.29,13.48,13.51,13.26,1.26M,-1.51%
12/20/2019,13.5,13.34,13.53,13.1,1.40M,1.25%
12/19/2019,13.33,13.63,13.76,12.96,1.38M,-1.81%
12/18/2019,13.57,12.39,13.65,12.23,2.32M,9.74%
12/17/2019,12.37,13.46,13.46,12.16,1.69M,-8.01%
12/16/2019,13.45,14.38,14.43,13.3,1.13M,-6.59%
12/15/2019,14.39,14.38,14.49,14.15,787.39K,0.07%
12/14/2019,14.39,14.84,14.99,14.22,842.26K,-3.09%
12/13/2019,14.84,14.73,14.98,14.67,882.88K,0.81%
12/12/2019,14.73,14.82,14.84,14.39,740.71K,-0.38%
12/11/2019,14.78,14.81,15,14.61,803.76K,-0.19%
12/10/2019,14.81,15.31,15.34,14.61,1.00M,-3.38%
12/9/2019,15.33,15.61,15.79,15.19,962.87K,-1.70%
12/8/2019,15.59,15.6,15.72,15.35,1.10M,0.06%
12/7/2019,15.58,15.67,15.82,15.53,1.25M,-0.53%
12/6/2019,15.67,15.66,15.74,15.31,1.43M,0.05%
12/5/2019,15.66,15.13,15.71,14.81,1.70M,3.64%
12/4/2019,15.11,15.24,15.84,14.86,1.49M,-0.89%
12/3/2019,15.25,15.14,15.42,15.05,1.26M,0.76%
12/2/2019,15.13,15.43,15.6,15.04,1.20M,-2.06%
12/1/2019,15.45,15.7,15.7,14.92,1.23M,-1.72%
11/30/2019,15.72,16.21,16.27,15.48,1.44M,-3.05%
11/29/2019,16.21,15.51,16.3,15.49,2.04M,4.35%
11/28/2019,15.54,16.06,16.19,15.44,1.62M,-3.25%
11/27/2019,16.06,15.35,16.2,14.63,2.41M,5.02%
11/26/2019,15.29,15.15,15.87,15,1.66M,0.75%
11/25/2019,15.18,14.97,15.71,13.9,3.07M,1.03%
11/24/2019,15.02,16.23,16.5,14.9,2.16M,-7.32%
11/23/2019,16.21,15.48,16.32,14.96,1.94M,4.70%
11/22/2019,15.48,16.79,17.28,14.39,3.36M,-7.77%
11/21/2019,16.79,18.09,18.24,16.48,1.72M,-7.20%
11/20/2019,18.09,18.45,18.74,17.79,1.21M,-2.21%
11/19/2019,18.5,19.08,19.27,18.13,1.22M,-3.28%
11/18/2019,19.13,20.16,20.16,18.66,1.38M,-5.05%
11/17/2019,20.14,20.17,20.41,19.78,1.15M,-0.04%
11/16/2019,20.15,20.28,20.59,19.92,1.00M,-0.61%
11/15/2019,20.28,21.34,21.34,20.01,1.37M,-4.88%
11/14/2019,21.32,21.35,21.64,20.74,1.18M,-0.38%
11/13/2019,21.4,20.98,21.78,20.68,1.37M,2.15%
11/12/2019,20.95,20.1,20.95,19.99,1.23M,4.29%
11/11/2019,20.09,20.46,20.62,19.75,1.00M,-1.65%
11/10/2019,20.42,19.7,20.6,19.67,1.29M,3.63%
11/9/2019,19.71,19.63,19.96,19.49,883.55K,0.31%
11/8/2019,19.65,20.43,20.52,19.3,1.09M,-3.75%
11/7/2019,20.41,20.69,20.81,19.95,1.03M,-1.26%
11/6/2019,20.67,20.65,20.92,20.45,1.30M,0.09%
11/5/2019,20.65,20.6,20.89,20.35,1.44M,0.18%
11/4/2019,20.62,20.17,20.86,20.03,1.64M,2.30%
11/3/2019,20.15,20.18,20.37,19.81,1.33M,-0.10%
11/2/2019,20.17,20.04,20.29,19.96,1.61M,0.88%
11/1/2019,20,19.87,20.03,19.66,1.30M,0.47%
10/31/2019,19.9,20.05,20.33,19.37,1.68M,-0.74%
10/30/2019,20.05,20.75,20.79,19.12,1.82M,-3.07%
10/29/2019,20.69,19.94,21.18,19.81,2.30M,3.94%
10/28/2019,19.9,19.3,21.14,19.27,2.71M,3.12%
10/27/2019,19.3,18.91,19.63,18.5,2.30M,1.95%
10/26/2019,18.93,18.65,19.72,18.03,3.13M,1.71%
10/25/2019,18.61,16.93,19.03,16.75,2.89M,9.95%
10/24/2019,16.93,16.7,17.09,16.33,1.24M,1.45%
10/23/2019,16.69,18.16,18.2,16.13,1.85M,-8.45%
10/22/2019,18.23,18.27,18.79,18.09,1.82M,-0.28%
10/21/2019,18.28,18.47,18.47,17.95,1.49M,-1.19%
10/20/2019,18.5,18.2,18.57,17.75,1.69M,1.75%
10/19/2019,18.18,18.23,18.44,17.86,1.46M,-0.19%
10/18/2019,18.21,18.49,18.75,17.72,1.43M,-1.64%
10/17/2019,18.52,17.75,18.83,17.58,1.89M,4.31%
10/16/2019,17.75,18.53,18.6,17.4,1.82M,-4.39%
10/15/2019,18.57,18.46,19.14,18.11,2.92M,0.60%
10/14/2019,18.46,18.24,18.63,17.87,1.64M,1.09%
10/13/2019,18.26,17.19,18.74,17.11,2.24M,6.21%
10/12/2019,17.19,16.56,17.47,16.53,1.40M,3.74%
10/11/2019,16.57,17.55,17.69,16.54,1.48M,-5.45%
10/10/2019,17.53,17.69,17.9,17.06,1.79M,-1.11%
10/9/2019,17.73,16.02,17.99,15.88,2.83M,10.74%
10/8/2019,16.01,16.05,16.31,15.8,990.16K,-0.10%
10/7/2019,16.02,15.06,16.11,14.89,1.14M,6.33%
10/6/2019,15.07,15.69,15.73,14.95,822.15K,-3.94%
10/5/2019,15.69,15.61,15.78,15.37,815.03K,0.46%
10/4/2019,15.61,15.65,15.82,15.24,858.00K,-0.18%
10/3/2019,15.64,15.9,15.93,15.27,905.70K,-1.41%
10/2/2019,15.87,15.85,15.88,15.51,951.27K,0.30%
10/1/2019,15.82,15.83,16.28,15.64,1.18M,-0.10%
9/30/2019,15.84,15.22,15.84,14.62,1.13M,4.18%
9/29/2019,15.2,15.73,15.8,14.88,965.38K,-3.38%
9/28/2019,15.73,15.67,15.83,15.3,1.10M,0.50%
9/27/2019,15.65,15.21,15.76,14.74,1.43M,2.87%
9/26/2019,15.22,16.03,16.38,14.45,1.81M,-5.09%
9/25/2019,16.03,15.82,16.48,14.97,1.83M,1.30%
9/24/2019,15.83,19.31,19.47,14.74,2.72M,-17.95%
9/23/2019,19.29,20.36,20.36,19.18,1.09M,-5.30%
9/22/2019,20.37,20.95,20.97,20.02,972.38K,-2.85%
9/21/2019,20.97,21.26,21.44,20.82,1.13M,-1.42%
9/20/2019,21.27,21.56,21.58,20.94,1.39M,-1.31%
9/19/2019,21.55,22.2,22.44,20.43,1.61M,-2.83%
9/18/2019,22.18,21.01,23.17,20.95,3.31M,5.67%
9/17/2019,20.99,20.24,21.4,20.03,1.84M,3.68%
9/16/2019,20.24,20.29,20.79,19.92,1.04M,-0.22%
9/15/2019,20.29,20.97,21.04,20.29,1.15M,-3.15%
9/14/2019,20.95,20.79,21.13,20.72,1.30M,0.77%
9/13/2019,20.79,20.81,21.18,20.41,1.43M,-0.15%
9/12/2019,20.82,20.71,20.95,19.71,1.70M,0.39%
9/11/2019,20.74,21.76,22.03,20.56,1.07M,-4.73%
9/10/2019,21.77,22.1,22.32,21.53,832.01K,-1.50%
9/9/2019,22.1,22.38,22.43,21.77,1.01M,-1.40%
9/8/2019,22.41,22.42,22.73,22.11,1.31M,0.02%
9/7/2019,22.41,21.96,22.65,21.92,1.69M,1.82%
9/6/2019,22.01,22.64,23.41,21.7,2.01M,-2.78%
9/5/2019,22.64,21.69,23.52,21.33,2.25M,4.41%
9/4/2019,21.68,22.37,22.6,21.49,1.09M,-2.99%
9/3/2019,22.35,22.74,22.89,22.22,1.36M,-1.65%
9/2/2019,22.73,21.42,22.82,21.05,1.74M,6.06%
9/1/2019,21.43,21.06,21.66,21.01,1.43M,1.74%
8/31/2019,21.06,22.16,22.37,20.98,1.37M,-4.80%
8/30/2019,22.12,21.78,22.56,21.51,1.60M,1.56%
8/29/2019,21.78,23.33,23.33,21.26,1.62M,-6.76%
8/28/2019,23.36,25.59,26.12,23.21,1.44M,-8.76%
8/27/2019,25.6,26.11,26.11,24.65,1.20M,-1.99%
8/26/2019,26.12,26.13,27.19,25.75,1.82M,0.10%
8/25/2019,26.1,26.33,26.38,25.66,933.53K,-0.70%
8/24/2019,26.28,26.82,26.95,26.02,917.92K,-2.53%
8/23/2019,26.96,26.92,27.28,26.78,1.08M,-0.02%
8/22/2019,26.97,26.93,27.33,26.22,1.09M,0.13%
8/21/2019,26.94,28.05,28.05,26.34,1.01M,-3.77%
8/20/2019,27.99,28.78,28.78,27.57,1.23M,-2.75%
8/19/2019,28.78,27.9,29.18,27.71,1.80M,3.10%
8/18/2019,27.92,27.47,28.18,27.05,1.21M,1.51%
8/17/2019,27.5,27.5,27.93,27.01,966.13K,-0.08%
8/16/2019,27.53,28.07,28.12,26.8,963.18K,-2.09%
8/15/2019,28.11,27.09,28.2,26.81,1.25M,4.08%
8/14/2019,27.01,29.42,29.45,26.78,1.19M,-8.19%
8/13/2019,29.42,30.17,30.43,29.21,1.16M,-2.48%
8/12/2019,30.17,30.25,30.59,29.83,1.53M,-0.44%
8/11/2019,30.3,29.65,30.43,29.36,1.56M,2.20%
8/10/2019,29.65,29.82,29.98,29.06,1.31M,-0.54%
8/9/2019,29.81,31.11,31.5,29.67,1.47M,-4.55%
8/8/2019,31.23,29.69,31.82,29.19,3.07M,5.31%
8/7/2019,29.66,27.64,29.98,27.33,2.41M,7.16%
8/6/2019,27.67,27.94,28.3,27.34,1.42M,-1.04%
8/5/2019,27.97,27.37,28.3,27.33,1.17M,2.13%
8/4/2019,27.38,27.74,27.77,27.11,968.98K,-1.28%
8/3/2019,27.74,28.03,28.31,27.52,1.22M,-1.25%
8/2/2019,28.09,28.69,28.71,27.57,1.50M,-2.16%
8/1/2019,28.71,27.72,28.75,27.46,2.25M,3.53%
7/31/2019,27.73,26.9,27.82,26.79,1.93M,2.92%
7/30/2019,26.95,26.72,27.12,26.22,1.15M,-0.35%
7/29/2019,27.04,27.62,28,26.84,1.14M,-2.56%
7/28/2019,27.75,27.56,27.84,26.65,1.33M,0.08%
7/27/2019,27.73,28.8,29.42,27.23,1.49M,-4.07%
7/26/2019,28.9,28.75,29,28.22,1.93M,-0.08%
7/25/2019,28.92,28.58,29.64,28.53,2.19M,0.10%
7/24/2019,28.89,29.05,29.4,27.78,2.35M,-1.97%
7/23/2019,29.47,30.89,30.89,29,2.63M,-4.47%
7/22/2019,30.85,30.44,32.58,29.79,3.47M,1.33%
7/21/2019,30.45,31.1,31.52,29.33,2.17M,-2.05%
7/20/2019,31.09,29.01,31.44,28.92,2.87M,7.24%
7/19/2019,28.99,28.97,29.92,28.34,3.94M,0.21%
7/18/2019,28.93,27.65,29.5,26.8,6.27M,4.81%
7/17/2019,27.6,25.06,28.12,24.19,5.62M,10.26%
7/16/2019,25.03,28.53,29.56,24.9,3.73M,-12.52%
7/15/2019,28.61,28.51,28.69,26.37,2.96M,0.48%
7/14/2019,28.48,31.49,31.5,28.32,2.12M,-9.50%
7/13/2019,31.47,31.9,32.48,30.23,1.75M,-1.33%
7/12/2019,31.89,29.38,32.61,29.01,2.94M,8.38%
7/11/2019,29.42,31.22,31.77,28.31,1.75M,-5.74%
7/10/2019,31.22,32.51,32.89,30.56,1.58M,-3.87%
7/9/2019,32.48,33.35,33.88,32.25,1.23M,-2.71%
7/8/2019,33.38,32.96,34.26,32.76,1.49M,1.23%
7/7/2019,32.98,32.54,33.4,32.44,1.22M,1.15%
7/6/2019,32.6,32.56,33.13,32.5,1.12M,0.09%
7/5/2019,32.57,32.94,33.61,32.4,1.50M,-1.45%
7/4/2019,33.05,32.5,34.35,32.17,2.19M,1.53%
7/3/2019,32.55,31.98,33.03,31.66,1.93M,1.87%
7/2/2019,31.95,33.28,33.81,30.59,2.02M,-3.86%
7/1/2019,33.24,31.78,34.01,31.41,1.84M,3.54%
6/30/2019,32.1,35.5,35.5,32.05,2.02M,-9.54%
6/29/2019,35.49,34.39,35.8,33.28,2.59M,2.47%
6/28/2019,34.63,34.17,35.28,33.84,2.11M,0.67%
6/27/2019,34.4,35.96,36.32,33.29,2.61M,-4.57%
6/26/2019,36.05,36,37.99,34.53,2.86M,-0.19%
6/25/2019,36.11,37.43,37.52,35.72,2.00M,-3.49%
6/24/2019,37.42,37.25,37.8,36.09,2.63M,0.42%
6/23/2019,37.26,37.99,38.5,37.26,2.79M,-1.91%
6/22/2019,37.99,38.69,39.56,37.33,3.32M,-1.75%
6/21/2019,38.67,36.76,38.83,36.34,3.53M,4.96%
6/20/2019,36.84,35.16,36.91,34.44,4.15M,4.75%
6/19/2019,35.17,34.45,35.53,34.42,3.66M,2.11%
6/18/2019,34.44,33.83,35.05,33.76,3.40M,1.77%
6/17/2019,33.85,32.21,34.4,32.2,3.33M,5.16%
6/16/2019,32.18,32.66,33.27,31.75,2.83M,-1.68%
6/15/2019,32.73,32.35,33.93,31.71,3.39M,1.04%
6/14/2019,32.4,35.27,35.27,29.89,4.82M,-8.08%
6/13/2019,35.24,34.86,36.31,34.12,3.54M,1.13%
6/12/2019,34.85,31.92,34.96,31.82,3.95M,9.22%
6/11/2019,31.91,32.04,32.06,30.97,2.72M,-0.37%
6/10/2019,32.03,30.08,32.04,29.75,3.55M,6.23%
6/9/2019,30.15,31.7,31.84,29.77,2.53M,-4.90%
6/8/2019,31.7,31.38,32.29,31.13,3.23M,0.88%
6/7/2019,31.43,31.16,31.96,30.95,2.76M,0.88%
6/6/2019,31.15,30.82,31.99,29.75,2.99M,0.99%
6/5/2019,30.85,29.25,31.18,29.01,3.35M,5.66%
6/4/2019,29.2,30.74,31.45,28.73,2.88M,-5.41%
6/3/2019,30.87,33.14,33.16,30.51,2.85M,-6.91%
6/2/2019,33.16,33.3,33.75,32.69,3.13M,-0.43%
6/1/2019,33.3,32.92,34.32,32.53,3.65M,1.13%
5/31/2019,32.93,31.64,32.96,30.61,3.63M,4.11%
5/30/2019,31.63,33.62,34.95,30.38,3.80M,-5.90%
5/29/2019,33.62,33.11,33.87,30.93,3.64M,1.50%
5/28/2019,33.12,33.44,34.49,32.5,3.59M,-1.02%
5/27/2019,33.46,32.8,35.08,32.76,3.94M,0.58%
5/26/2019,33.27,35.07,35.07,32.37,3.85M,-5.27%
5/25/2019,35.12,33.91,35.47,33.65,4.18M,2.97%
5/24/2019,34.1,31.21,34.7,31.21,4.53M,8.53%
5/23/2019,31.42,30.67,32.23,30.2,3.79M,1.20%
5/22/2019,31.05,31.72,32.26,30.69,3.80M,-4.20%
5/21/2019,32.41,28.92,32.7,28.06,4.71M,10.75%
5/20/2019,29.27,28.69,29.3,27.6,3.98M,0.33%
5/19/2019,29.17,28.68,29.84,27.62,4.44M,1.05%
5/18/2019,28.87,25.8,29.1,25.13,4.32M,11.89%
5/17/2019,25.8,26.29,26.65,23.4,3.43M,-1.87%
5/16/2019,26.29,26.78,27.74,25.08,4.20M,-1.98%
5/15/2019,26.82,23.65,27.4,23.46,3.43M,13.45%
5/14/2019,23.64,23.51,24.49,22.62,3.82M,0.60%
5/13/2019,23.5,20.93,23.99,20.74,4.57M,12.13%
5/12/2019,20.96,20.8,21.49,20.13,3.23M,0.53%
5/11/2019,20.85,19.65,22,18.89,3.75M,6.25%
5/10/2019,19.62,18.85,19.99,18.33,2.43M,4.24%
5/9/2019,18.82,20.67,20.96,18.58,2.33M,-8.92%
5/8/2019,20.67,20.66,21.4,19.6,2.74M,0.03%
5/7/2019,20.66,22.2,22.45,20.3,1.81M,-6.89%
5/6/2019,22.19,22.99,22.99,21.47,1.77M,-3.46%
5/5/2019,22.98,22.89,23.17,22.66,1.79M,0.39%
5/4/2019,22.9,23.74,23.79,22.31,1.90M,-3.41%
5/3/2019,23.7,23.62,23.97,23.02,2.23M,0.40%
5/2/2019,23.61,21.88,24.09,21.75,2.44M,7.91%
5/1/2019,21.88,22.03,22.1,21.48,2.07M,-0.74%
4/30/2019,22.04,21.71,22.3,21.34,2.20M,1.71%
4/29/2019,21.67,23.02,23.08,21.34,2.39M,-5.82%
4/28/2019,23.01,22.43,23.21,22.42,3.02M,2.64%
4/27/2019,22.42,23.04,23.12,22.39,2.99M,-2.76%
4/26/2019,23.06,22.45,23.78,21.68,3.27M,2.57%
4/25/2019,22.48,22.99,23.44,21.61,3.12M,-2.30%
4/24/2019,23.01,22.24,23.11,20.97,2.96M,2.04%
4/23/2019,22.55,23.71,24.6,22.48,2.88M,-5.19%
4/22/2019,23.78,23.93,24.61,23.18,3.01M,-1.03%
4/21/2019,24.03,24.8,24.85,22.49,3.31M,-3.44%
4/20/2019,24.89,24.18,25.49,23.79,3.54M,2.33%
4/19/2019,24.32,21.84,24.7,21.17,4.25M,11.15%
4/18/2019,21.88,19.45,21.99,19.43,3.69M,12.26%
4/17/2019,19.49,19.59,19.77,19.27,2.00M,-0.78%
4/16/2019,19.64,19.25,19.71,18.71,2.24M,1.95%
4/15/2019,19.27,19.36,19.78,18.69,2.22M,-0.60%
4/14/2019,19.38,18.49,19.9,18.43,2.44M,4.11%
4/13/2019,18.62,18.11,18.63,17.95,2.21M,1.61%
4/12/2019,18.32,17.42,18.54,16.62,2.33M,4.51%
4/11/2019,17.53,18.15,18.18,16.32,1.81M,-3.82%
4/10/2019,18.23,18.24,18.61,17.89,2.55M,-0.38%
4/9/2019,18.3,17.94,18.54,17.05,2.78M,1.79%
4/8/2019,17.98,18.93,19.03,17.8,2.14M,-5.16%
4/7/2019,18.96,19.07,19.21,18.82,2.33M,-0.52%
4/6/2019,19.06,19.29,19.31,18.84,2.52M,-1.57%
4/5/2019,19.36,19.05,19.46,18.88,2.71M,1.93%
4/4/2019,19,18.44,19.41,18.21,2.94M,2.62%
4/3/2019,18.51,19.77,20,18,3.53M,-6.11%
4/2/2019,19.72,17.89,19.88,17.56,3.36M,10.09%
4/1/2019,17.91,17.5,18.23,17.34,2.97M,2.15%
3/31/2019,17.53,16.96,17.72,16.75,3.18M,3.32%
3/30/2019,16.97,16.49,16.97,15.97,2.79M,2.89%
3/29/2019,16.49,16.67,16.81,16.38,2.74M,-0.98%
3/28/2019,16.65,16.55,16.72,16.41,2.99M,0.44%
3/27/2019,16.58,16.2,16.8,15.89,3.24M,2.46%
3/26/2019,16.18,16.78,16.78,15.56,2.73M,-3.64%
3/25/2019,16.79,17.12,17.34,16.11,2.77M,-1.96%
3/24/2019,17.13,15.13,17.45,14.68,5.29M,13.08%
3/23/2019,15.15,15.15,15.44,14.96,2.63M,-0.04%
3/22/2019,15.15,14.35,15.22,14.23,2.69M,5.60%
3/21/2019,14.35,15.15,15.3,13.9,3.02M,-5.16%
3/20/2019,15.13,15.5,15.5,15.02,2.37M,-2.42%
3/19/2019,15.51,15.53,15.8,15,4.27M,-0.21%
3/18/2019,15.54,15.6,15.79,15.23,2.48M,-0.51%
3/17/2019,15.62,15.96,15.96,15.44,3.10M,-2.09%
3/16/2019,15.95,14.93,16,14.88,3.29M,6.81%
3/15/2019,14.94,14.89,15.19,14.85,2.99M,0.22%
3/14/2019,14.9,15.04,15.08,14.57,3.08M,-0.78%
3/13/2019,15.02,15.33,15.37,14.94,3.28M,-2.09%
3/12/2019,15.34,14.41,15.43,14.18,4.05M,6.48%
3/11/2019,14.41,14.38,14.9,14.01,3.76M,0.26%
3/10/2019,14.37,14.45,14.51,13.87,3.53M,-0.66%
3/9/2019,14.47,14.22,14.92,13.98,4.00M,1.23%
3/8/2019,14.29,15.13,15.21,13.58,6.34M,-5.36%
3/7/2019,15.1,14.54,15.52,14.35,6.76M,3.59%
3/6/2019,14.58,13.6,14.64,12.9,6.16M,6.78%
3/5/2019,13.65,11.4,13.74,11.4,8.34M,19.61%
3/4/2019,11.41,11.45,11.51,10.88,2.74M,-0.29%
3/3/2019,11.45,11.74,11.86,11.2,2.86M,-2.58%
3/2/2019,11.75,11.33,11.8,10.83,3.89M,3.56%
3/1/2019,11.35,10.27,11.55,10.24,4.02M,10.45%
